{
  "type": "FeatureCollection",
  "features": [
    {
      "type": "Feature",
      "properties": {
        "route_id": "05",
        "version": "05-v10-20261005",
        "name": "05_base_Republique_Pantheon_Senat_Assemblee",
        "distance_km": 6.244,
        "role": "base",
        "on_ground_verified": false
      },
      "geometry": {
        "type": "LineString",
        "coordinates": [
          [
            2.363979,
            48.867328
          ],
          [
            2.3639,
            48.867262
          ],
          [
            2.363835,
            48.867218
          ],
          [
            2.363722,
            48.867138
          ],
          [
            2.363714,
            48.867132
          ],
          [
            2.363742,
            48.867116
          ],
          [
            2.364351,
            48.86677
          ],
          [
            2.364691,
            48.866596
          ],
          [
            2.364809,
            48.86653
          ],
          [
            2.364771,
            48.866401
          ],
          [
            2.364774,
            48.866374
          ],
          [
            2.364775,
            48.866366
          ],
          [
            2.364787,
            48.866341
          ],
          [
            2.3648,
            48.866314
          ],
          [
            2.364912,
            48.866123
          ],
          [
            2.364992,
            48.865981
          ],
          [
            2.36506,
            48.865865
          ],
          [
            2.365293,
            48.865497
          ],
          [
            2.365377,
            48.86537
          ],
          [
            2.365289,
            48.865349
          ],
          [
            2.365194,
            48.865326
          ],
          [
            2.365245,
            48.86524
          ],
          [
            2.365251,
            48.865231
          ],
          [
            2.365278,
            48.8652
          ],
          [
            2.365308,
            48.865169
          ],
          [
            2.365317,
            48.865156
          ],
          [
            2.365206,
            48.865098
          ],
          [
            2.364816,
            48.864758
          ],
          [
            2.364809,
            48.86457
          ],
          [
            2.36478,
            48.863827
          ],
          [
            2.364794,
            48.863817
          ],
          [
            2.364782,
            48.863799
          ],
          [
            2.364782,
            48.863723
          ],
          [
            2.364782,
            48.86368
          ],
          [
            2.364784,
            48.863673
          ],
          [
            2.364775,
            48.863666
          ],
          [
            2.36477,
            48.863651
          ],
          [
            2.364763,
            48.863475
          ],
          [
            2.364733,
            48.862791
          ],
          [
            2.364716,
            48.86279
          ],
          [
            2.364646,
            48.862787
          ],
          [
            2.364585,
            48.862785
          ],
          [
            2.364567,
            48.862784
          ],
          [
            2.364562,
            48.862772
          ],
          [
            2.364456,
            48.862716
          ],
          [
            2.364422,
            48.862714
          ],
          [
            2.364409,
            48.862706
          ],
          [
            2.364353,
            48.862674
          ],
          [
            2.364324,
            48.862658
          ],
          [
            2.364317,
            48.862654
          ],
          [
            2.364313,
            48.862634
          ],
          [
            2.363771,
            48.862346
          ],
          [
            2.363707,
            48.862367
          ],
          [
            2.363678,
            48.862352
          ],
          [
            2.363665,
            48.862344
          ],
          [
            2.363642,
            48.862331
          ],
          [
            2.363594,
            48.862304
          ],
          [
            2.363562,
            48.862285
          ],
          [
            2.363597,
            48.862269
          ],
          [
            2.363567,
            48.862219
          ],
          [
            2.363445,
            48.862044
          ],
          [
            2.363364,
            48.861904
          ],
          [
            2.363151,
            48.861597
          ],
          [
            2.363117,
            48.861574
          ],
          [
            2.363103,
            48.861572
          ],
          [
            2.363102,
            48.861565
          ],
          [
            2.363096,
            48.861532
          ],
          [
            2.363092,
            48.861508
          ],
          [
            2.363091,
            48.861503
          ],
          [
            2.363116,
            48.861498
          ],
          [
            2.363122,
            48.861487
          ],
          [
            2.363103,
            48.861272
          ],
          [
            2.363094,
            48.861263
          ],
          [
            2.363068,
            48.861242
          ],
          [
            2.362667,
            48.861035
          ],
          [
            2.361808,
            48.860578
          ],
          [
            2.361785,
            48.860577
          ],
          [
            2.36178,
            48.860573
          ],
          [
            2.36175,
            48.860558
          ],
          [
            2.361727,
            48.860545
          ],
          [
            2.361719,
            48.860541
          ],
          [
            2.361717,
            48.860532
          ],
          [
            2.361493,
            48.860404
          ],
          [
            2.360913,
            48.86008
          ],
          [
            2.360808,
            48.860023
          ],
          [
            2.360768,
            48.860045
          ],
          [
            2.360685,
            48.860001
          ],
          [
            2.360651,
            48.859984
          ],
          [
            2.360623,
            48.859969
          ],
          [
            2.3606,
            48.859957
          ],
          [
            2.360644,
            48.859929
          ],
          [
            2.359956,
            48.85951
          ],
          [
            2.359943,
            48.859501
          ],
          [
            2.359649,
            48.8593
          ],
          [
            2.358863,
            48.858774
          ],
          [
            2.358798,
            48.858739
          ],
          [
            2.358803,
            48.858735
          ],
          [
            2.358828,
            48.858718
          ],
          [
            2.358849,
            48.858704
          ],
          [
            2.358854,
            48.858701
          ],
          [
            2.358866,
            48.858672
          ],
          [
            2.358851,
            48.85866
          ],
          [
            2.358829,
            48.858643
          ],
          [
            2.358807,
            48.858626
          ],
          [
            2.358789,
            48.858614
          ],
          [
            2.35874,
            48.858602
          ],
          [
            2.358568,
            48.858418
          ],
          [
            2.358557,
            48.858411
          ],
          [
            2.358537,
            48.858397
          ],
          [
            2.358507,
            48.858378
          ],
          [
            2.358503,
            48.858376
          ],
          [
            2.358474,
            48.858362
          ],
          [
            2.358244,
            48.85821
          ],
          [
            2.358222,
            48.858189
          ],
          [
            2.358218,
            48.858185
          ],
          [
            2.358195,
            48.858163
          ],
          [
            2.358174,
            48.858144
          ],
          [
            2.358172,
            48.85814
          ],
          [
            2.358157,
            48.858136
          ],
          [
            2.358131,
            48.858129
          ],
          [
            2.357945,
            48.857938
          ],
          [
            2.35791,
            48.857902
          ],
          [
            2.357896,
            48.857886
          ],
          [
            2.357876,
            48.857863
          ],
          [
            2.357718,
            48.857673
          ],
          [
            2.357598,
            48.857529
          ],
          [
            2.35747,
            48.857377
          ],
          [
            2.357435,
            48.85733
          ],
          [
            2.357426,
            48.857315
          ],
          [
            2.357429,
            48.857294
          ],
          [
            2.357421,
            48.857284
          ],
          [
            2.357396,
            48.857253
          ],
          [
            2.357379,
            48.857232
          ],
          [
            2.357367,
            48.857217
          ],
          [
            2.357329,
            48.857201
          ],
          [
            2.357069,
            48.856894
          ],
          [
            2.357006,
            48.856817
          ],
          [
            2.356931,
            48.8567
          ],
          [
            2.356914,
            48.856705
          ],
          [
            2.35688,
            48.856712
          ],
          [
            2.356855,
            48.856717
          ],
          [
            2.356841,
            48.85672
          ],
          [
            2.356818,
            48.856693
          ],
          [
            2.356784,
            48.856689
          ],
          [
            2.35677,
            48.85667
          ],
          [
            2.356758,
            48.856652
          ],
          [
            2.356736,
            48.856619
          ],
          [
            2.356735,
            48.856618
          ],
          [
            2.356729,
            48.856607
          ],
          [
            2.356734,
            48.856602
          ],
          [
            2.356735,
            48.856572
          ],
          [
            2.356594,
            48.85638
          ],
          [
            2.356545,
            48.85638
          ],
          [
            2.356489,
            48.856393
          ],
          [
            2.356478,
            48.856373
          ],
          [
            2.356469,
            48.856352
          ],
          [
            2.356449,
            48.856316
          ],
          [
            2.356436,
            48.856293
          ],
          [
            2.356424,
            48.856271
          ],
          [
            2.356415,
            48.856251
          ],
          [
            2.356459,
            48.85623
          ],
          [
            2.356462,
            48.856173
          ],
          [
            2.35632,
            48.855887
          ],
          [
            2.35631,
            48.855888
          ],
          [
            2.356272,
            48.855875
          ],
          [
            2.356265,
            48.855865
          ],
          [
            2.356248,
            48.855843
          ],
          [
            2.356227,
            48.855817
          ],
          [
            2.356221,
            48.855809
          ],
          [
            2.356236,
            48.855778
          ],
          [
            2.356069,
            48.855605
          ],
          [
            2.355783,
            48.855312
          ],
          [
            2.355741,
            48.85527
          ],
          [
            2.355719,
            48.855247
          ],
          [
            2.355327,
            48.854855
          ],
          [
            2.355153,
            48.854679
          ],
          [
            2.355137,
            48.85467
          ],
          [
            2.355114,
            48.85466
          ],
          [
            2.355091,
            48.854637
          ],
          [
            2.355071,
            48.854617
          ],
          [
            2.355038,
            48.854582
          ],
          [
            2.354974,
            48.854502
          ],
          [
            2.354886,
            48.854527
          ],
          [
            2.354872,
            48.85451
          ],
          [
            2.354863,
            48.8545
          ],
          [
            2.354857,
            48.854493
          ],
          [
            2.354848,
            48.854483
          ],
          [
            2.354803,
            48.854432
          ],
          [
            2.354755,
            48.85438
          ],
          [
            2.354741,
            48.854345
          ],
          [
            2.354725,
            48.854311
          ],
          [
            2.354715,
            48.8543
          ],
          [
            2.354703,
            48.854286
          ],
          [
            2.35472,
            48.854263
          ],
          [
            2.354713,
            48.854253
          ],
          [
            2.354704,
            48.854242
          ],
          [
            2.353975,
            48.853501
          ],
          [
            2.35394,
            48.853481
          ],
          [
            2.353935,
            48.853475
          ],
          [
            2.353902,
            48.853442
          ],
          [
            2.353863,
            48.853403
          ],
          [
            2.353851,
            48.85339
          ],
          [
            2.353839,
            48.853362
          ],
          [
            2.353483,
            48.852996
          ],
          [
            2.353327,
            48.852963
          ],
          [
            2.353348,
            48.852936
          ],
          [
            2.353362,
            48.852891
          ],
          [
            2.353375,
            48.852848
          ],
          [
            2.353379,
            48.852835
          ],
          [
            2.353382,
            48.852779
          ],
          [
            2.353348,
            48.852776
          ],
          [
            2.353322,
            48.852774
          ],
          [
            2.353299,
            48.852772
          ],
          [
            2.353276,
            48.85277
          ],
          [
            2.353269,
            48.852783
          ],
          [
            2.353254,
            48.852795
          ],
          [
            2.353237,
            48.852802
          ],
          [
            2.35322,
            48.852805
          ],
          [
            2.353207,
            48.852807
          ],
          [
            2.352347,
            48.85262
          ],
          [
            2.352326,
            48.852601
          ],
          [
            2.35232,
            48.852584
          ],
          [
            2.352157,
            48.852325
          ],
          [
            2.351853,
            48.851855
          ],
          [
            2.351823,
            48.851815
          ],
          [
            2.351784,
            48.851782
          ],
          [
            2.351504,
            48.851346
          ],
          [
            2.351484,
            48.851302
          ],
          [
            2.351483,
            48.851257
          ],
          [
            2.351507,
            48.85118
          ],
          [
            2.351418,
            48.851205
          ],
          [
            2.351362,
            48.851226
          ],
          [
            2.351304,
            48.851244
          ],
          [
            2.351239,
            48.851265
          ],
          [
            2.351202,
            48.851249
          ],
          [
            2.351185,
            48.851225
          ],
          [
            2.351174,
            48.851208
          ],
          [
            2.351145,
            48.851163
          ],
          [
            2.351122,
            48.851127
          ],
          [
            2.3511,
            48.851093
          ],
          [
            2.350837,
            48.851184
          ],
          [
            2.350831,
            48.851187
          ],
          [
            2.35081,
            48.851195
          ],
          [
            2.350781,
            48.851206
          ],
          [
            2.350776,
            48.851207
          ],
          [
            2.350759,
            48.851184
          ],
          [
            2.350424,
            48.85124
          ],
          [
            2.350348,
            48.851231
          ],
          [
            2.350244,
            48.851193
          ],
          [
            2.350237,
            48.851186
          ],
          [
            2.350108,
            48.851043
          ],
          [
            2.349834,
            48.850744
          ],
          [
            2.349502,
            48.85042
          ],
          [
            2.349461,
            48.850397
          ],
          [
            2.348961,
            48.850393
          ],
          [
            2.348844,
            48.850388
          ],
          [
            2.348839,
            48.850387
          ],
          [
            2.348808,
            48.850364
          ],
          [
            2.348791,
            48.85038
          ],
          [
            2.348771,
            48.850407
          ],
          [
            2.34869,
            48.850371
          ],
          [
            2.34863,
            48.850343
          ],
          [
            2.348597,
            48.850328
          ],
          [
            2.348562,
            48.850312
          ],
          [
            2.348518,
            48.850281
          ],
          [
            2.348469,
            48.850228
          ],
          [
            2.348458,
            48.850211
          ],
          [
            2.348436,
            48.850177
          ],
          [
            2.348411,
            48.850132
          ],
          [
            2.34813,
            48.850202
          ],
          [
            2.348067,
            48.850078
          ],
          [
            2.347941,
            48.84981
          ],
          [
            2.347873,
            48.849724
          ],
          [
            2.347847,
            48.849672
          ],
          [
            2.3475,
            48.848975
          ],
          [
            2.347463,
            48.8489
          ],
          [
            2.347426,
            48.848823
          ],
          [
            2.34737,
            48.848705
          ],
          [
            2.347366,
            48.848695
          ],
          [
            2.347122,
            48.848183
          ],
          [
            2.347087,
            48.848112
          ],
          [
            2.347059,
            48.848055
          ],
          [
            2.346785,
            48.847494
          ],
          [
            2.346446,
            48.846791
          ],
          [
            2.3464,
            48.846801
          ],
          [
            2.346384,
            48.846804
          ],
          [
            2.346346,
            48.846812
          ],
          [
            2.346318,
            48.846757
          ],
          [
            2.346302,
            48.846724
          ],
          [
            2.346274,
            48.846669
          ],
          [
            2.346262,
            48.846645
          ],
          [
            2.34606,
            48.846688
          ],
          [
            2.346009,
            48.846599
          ],
          [
            2.345337,
            48.846747
          ],
          [
            2.345295,
            48.84674
          ],
          [
            2.345189,
            48.846528
          ],
          [
            2.345073,
            48.846295
          ],
          [
            2.344959,
            48.846074
          ],
          [
            2.344933,
            48.846079
          ],
          [
            2.344873,
            48.846064
          ],
          [
            2.344494,
            48.846546
          ],
          [
            2.344386,
            48.846567
          ],
          [
            2.344178,
            48.846613
          ],
          [
            2.343739,
            48.846711
          ],
          [
            2.343537,
            48.846756
          ],
          [
            2.343467,
            48.846771
          ],
          [
            2.343348,
            48.846797
          ],
          [
            2.343229,
            48.846821
          ],
          [
            2.342828,
            48.846906
          ],
          [
            2.342669,
            48.846941
          ],
          [
            2.342504,
            48.846979
          ],
          [
            2.34203,
            48.847081
          ],
          [
            2.342071,
            48.847149
          ],
          [
            2.342081,
            48.847168
          ],
          [
            2.342071,
            48.847177
          ],
          [
            2.342058,
            48.84718
          ],
          [
            2.342018,
            48.84719
          ],
          [
            2.341992,
            48.847197
          ],
          [
            2.341972,
            48.847203
          ],
          [
            2.341933,
            48.847212
          ],
          [
            2.341839,
            48.847232
          ],
          [
            2.341455,
            48.847312
          ],
          [
            2.341201,
            48.847363
          ],
          [
            2.341116,
            48.847386
          ],
          [
            2.341087,
            48.847422
          ],
          [
            2.341074,
            48.847468
          ],
          [
            2.341091,
            48.847535
          ],
          [
            2.341072,
            48.84754
          ],
          [
            2.341046,
            48.847548
          ],
          [
            2.340982,
            48.847566
          ],
          [
            2.340944,
            48.847576
          ],
          [
            2.340918,
            48.847583
          ],
          [
            2.340893,
            48.84759
          ],
          [
            2.340857,
            48.847601
          ],
          [
            2.340828,
            48.847609
          ],
          [
            2.340768,
            48.847597
          ],
          [
            2.340166,
            48.847725
          ],
          [
            2.340139,
            48.84775
          ],
          [
            2.339125,
            48.848947
          ],
          [
            2.339152,
            48.849028
          ],
          [
            2.339155,
            48.849041
          ],
          [
            2.339161,
            48.849075
          ],
          [
            2.339035,
            48.849077
          ],
          [
            2.338871,
            48.849072
          ],
          [
            2.338694,
            48.849066
          ],
          [
            2.338601,
            48.849108
          ],
          [
            2.338428,
            48.849179
          ],
          [
            2.338338,
            48.849195
          ],
          [
            2.338347,
            48.849234
          ],
          [
            2.338347,
            48.849239
          ],
          [
            2.337899,
            48.849301
          ],
          [
            2.337898,
            48.84932
          ],
          [
            2.337883,
            48.849322
          ],
          [
            2.337848,
            48.849332
          ],
          [
            2.337812,
            48.849347
          ],
          [
            2.337776,
            48.849356
          ],
          [
            2.337761,
            48.849351
          ],
          [
            2.337725,
            48.84935
          ],
          [
            2.337473,
            48.849402
          ],
          [
            2.337427,
            48.849401
          ],
          [
            2.337323,
            48.849399
          ],
          [
            2.337203,
            48.849396
          ],
          [
            2.337178,
            48.849393
          ],
          [
            2.337161,
            48.849358
          ],
          [
            2.337162,
            48.849345
          ],
          [
            2.337161,
            48.849358
          ],
          [
            2.337178,
            48.849393
          ],
          [
            2.337102,
            48.850278
          ],
          [
            2.337007,
            48.851415
          ],
          [
            2.336973,
            48.851424
          ],
          [
            2.336968,
            48.851434
          ],
          [
            2.336965,
            48.851454
          ],
          [
            2.336962,
            48.851483
          ],
          [
            2.33696,
            48.851492
          ],
          [
            2.336997,
            48.851508
          ],
          [
            2.336989,
            48.851707
          ],
          [
            2.336978,
            48.851728
          ],
          [
            2.336978,
            48.851737
          ],
          [
            2.33698,
            48.851759
          ],
          [
            2.336979,
            48.851784
          ],
          [
            2.336973,
            48.851792
          ],
          [
            2.336985,
            48.85181
          ],
          [
            2.337007,
            48.851815
          ],
          [
            2.337044,
            48.851815
          ],
          [
            2.337101,
            48.851817
          ],
          [
            2.337116,
            48.851819
          ],
          [
            2.337086,
            48.85249
          ],
          [
            2.337067,
            48.85249
          ],
          [
            2.337007,
            48.852485
          ],
          [
            2.337005,
            48.852534
          ],
          [
            2.336997,
            48.852772
          ],
          [
            2.336993,
            48.852847
          ],
          [
            2.336992,
            48.852902
          ],
          [
            2.336986,
            48.853018
          ],
          [
            2.336952,
            48.853782
          ],
          [
            2.336956,
            48.85385
          ],
          [
            2.336959,
            48.853909
          ],
          [
            2.336956,
            48.85393
          ],
          [
            2.336879,
            48.854506
          ],
          [
            2.336804,
            48.854532
          ],
          [
            2.336516,
            48.854629
          ],
          [
            2.336101,
            48.854769
          ],
          [
            2.334071,
            48.85546
          ],
          [
            2.334045,
            48.855469
          ],
          [
            2.334013,
            48.85548
          ],
          [
            2.333939,
            48.855505
          ],
          [
            2.33389,
            48.855523
          ],
          [
            2.333591,
            48.855629
          ],
          [
            2.333508,
            48.855659
          ],
          [
            2.333437,
            48.855684
          ],
          [
            2.332475,
            48.856028
          ],
          [
            2.332098,
            48.856163
          ],
          [
            2.332084,
            48.856168
          ],
          [
            2.331803,
            48.856268
          ],
          [
            2.331757,
            48.856285
          ],
          [
            2.331672,
            48.856315
          ],
          [
            2.331592,
            48.856346
          ],
          [
            2.330483,
            48.856763
          ],
          [
            2.330347,
            48.856815
          ],
          [
            2.328976,
            48.857327
          ],
          [
            2.3289,
            48.857355
          ],
          [
            2.328833,
            48.857381
          ],
          [
            2.328071,
            48.857672
          ],
          [
            2.327973,
            48.857709
          ],
          [
            2.327897,
            48.857737
          ],
          [
            2.327079,
            48.85804
          ],
          [
            2.325884,
            48.858429
          ],
          [
            2.325824,
            48.858447
          ],
          [
            2.324944,
            48.858784
          ],
          [
            2.324869,
            48.858812
          ],
          [
            2.324568,
            48.858925
          ],
          [
            2.323852,
            48.859192
          ],
          [
            2.323799,
            48.859212
          ],
          [
            2.323731,
            48.859237
          ],
          [
            2.323114,
            48.859467
          ],
          [
            2.323002,
            48.859509
          ],
          [
            2.322879,
            48.859555
          ],
          [
            2.322034,
            48.859866
          ],
          [
            2.321879,
            48.859928
          ],
          [
            2.321718,
            48.859992
          ],
          [
            2.321629,
            48.860086
          ],
          [
            2.321472,
            48.860258
          ],
          [
            2.32078,
            48.861017
          ],
          [
            2.320617,
            48.8612
          ],
          [
            2.320547,
            48.861274
          ],
          [
            2.320413,
            48.861417
          ],
          [
            2.320334,
            48.861496
          ],
          [
            2.319905,
            48.861918
          ],
          [
            2.319875,
            48.861949
          ],
          [
            2.319855,
            48.86197
          ],
          [
            2.319787,
            48.862036
          ],
          [
            2.319656,
            48.862175
          ],
          [
            2.31952,
            48.862289
          ],
          [
            2.319565,
            48.862317
          ],
          [
            2.319599,
            48.862338
          ],
          [
            2.319498,
            48.862427
          ],
          [
            2.319536,
            48.862483
          ],
          [
            2.319558,
            48.862517
          ],
          [
            2.319571,
            48.862535
          ],
          [
            2.319576,
            48.862542
          ],
          [
            2.319584,
            48.862555
          ],
          [
            2.3196,
            48.862579
          ],
          [
            2.319298,
            48.862676
          ]
        ]
      }
    },
    {
      "type": "Feature",
      "properties": {
        "route_id": "05",
        "version": "05-v10-20261005",
        "name": "05_llegada_Republique",
        "distance_km": 0.026,
        "role": "arrival",
        "on_ground_verified": false
      },
      "geometry": {
        "type": "LineString",
        "coordinates": [
          [
            2.364189,
            48.867286
          ],
          [
            2.364206,
            48.867267
          ],
          [
            2.364145,
            48.867223
          ],
          [
            2.363979,
            48.867328
          ]
        ]
      }
    },
    {
      "type": "Feature",
      "properties": {
        "route_id": "05",
        "version": "05-v10-20261005",
        "name": "05_salida_Assemblee",
        "distance_km": 0.215,
        "role": "return_final",
        "on_ground_verified": false
      },
      "geometry": {
        "type": "LineString",
        "coordinates": [
          [
            2.319298,
            48.862676
          ],
          [
            2.3196,
            48.862579
          ],
          [
            2.319584,
            48.862555
          ],
          [
            2.319576,
            48.862542
          ],
          [
            2.319571,
            48.862535
          ],
          [
            2.319558,
            48.862517
          ],
          [
            2.319536,
            48.862483
          ],
          [
            2.319498,
            48.862427
          ],
          [
            2.319599,
            48.862338
          ],
          [
            2.319565,
            48.862317
          ],
          [
            2.31952,
            48.862289
          ],
          [
            2.319443,
            48.862243
          ],
          [
            2.319421,
            48.862231
          ],
          [
            2.319456,
            48.862175
          ],
          [
            2.319484,
            48.862094
          ],
          [
            2.319482,
            48.862011
          ],
          [
            2.319516,
            48.862008
          ],
          [
            2.319572,
            48.862004
          ],
          [
            2.319629,
            48.861999
          ],
          [
            2.319671,
            48.86199
          ],
          [
            2.319679,
            48.861964
          ],
          [
            2.319687,
            48.861939
          ],
          [
            2.319697,
            48.861909
          ],
          [
            2.319706,
            48.86188
          ],
          [
            2.319762,
            48.861859
          ],
          [
            2.32017,
            48.86143
          ],
          [
            2.320239,
            48.861392
          ],
          [
            2.320262,
            48.861368
          ],
          [
            2.320291,
            48.861337
          ],
          [
            2.320282,
            48.861306
          ],
          [
            2.320316,
            48.861319
          ],
          [
            2.32033,
            48.861306
          ],
          [
            2.320374,
            48.861262
          ]
        ]
      }
    },
    {
      "type": "Feature",
      "properties": {
        "route_id": "05",
        "version": "05-v10-20261005",
        "name": "05_V0_salida_Pantheon_Luxembourg",
        "distance_km": 0.467,
        "role": "early_exit",
        "on_ground_verified": false
      },
      "geometry": {
        "type": "LineString",
        "coordinates": [
          [
            2.345073,
            48.846295
          ],
          [
            2.344959,
            48.846074
          ],
          [
            2.344933,
            48.846079
          ],
          [
            2.344873,
            48.846064
          ],
          [
            2.344771,
            48.846039
          ],
          [
            2.344754,
            48.846034
          ],
          [
            2.344606,
            48.84623
          ],
          [
            2.344482,
            48.846389
          ],
          [
            2.344343,
            48.846475
          ],
          [
            2.343699,
            48.846617
          ],
          [
            2.343415,
            48.846682
          ],
          [
            2.343375,
            48.846691
          ],
          [
            2.343362,
            48.846693
          ],
          [
            2.343316,
            48.846703
          ],
          [
            2.343296,
            48.846708
          ],
          [
            2.343182,
            48.846735
          ],
          [
            2.343001,
            48.846776
          ],
          [
            2.34293,
            48.84679
          ],
          [
            2.342835,
            48.846811
          ],
          [
            2.342823,
            48.846813
          ],
          [
            2.342781,
            48.846823
          ],
          [
            2.342736,
            48.846833
          ],
          [
            2.342694,
            48.846824
          ],
          [
            2.342283,
            48.846913
          ],
          [
            2.341981,
            48.847
          ],
          [
            2.341955,
            48.847008
          ],
          [
            2.341942,
            48.847012
          ],
          [
            2.341895,
            48.847018
          ],
          [
            2.341841,
            48.847024
          ],
          [
            2.341824,
            48.847026
          ],
          [
            2.341798,
            48.847028
          ],
          [
            2.34137,
            48.847123
          ],
          [
            2.341115,
            48.847198
          ],
          [
            2.341019,
            48.847216
          ],
          [
            2.340944,
            48.847207
          ],
          [
            2.340899,
            48.847173
          ],
          [
            2.340841,
            48.847052
          ],
          [
            2.340803,
            48.846988
          ],
          [
            2.340829,
            48.846937
          ],
          [
            2.340821,
            48.846928
          ],
          [
            2.34078,
            48.846857
          ],
          [
            2.340764,
            48.84683
          ],
          [
            2.340753,
            48.84681
          ],
          [
            2.34073,
            48.84677
          ],
          [
            2.340709,
            48.846733
          ],
          [
            2.340699,
            48.846715
          ],
          [
            2.340685,
            48.84669
          ],
          [
            2.340622,
            48.846681
          ],
          [
            2.340598,
            48.846695
          ],
          [
            2.340505,
            48.846715
          ],
          [
            2.340436,
            48.84673
          ],
          [
            2.340427,
            48.846732
          ],
          [
            2.340401,
            48.846737
          ],
          [
            2.340384,
            48.846741
          ],
          [
            2.340364,
            48.846745
          ],
          [
            2.340336,
            48.846751
          ],
          [
            2.340316,
            48.846816
          ],
          [
            2.340286,
            48.846783
          ],
          [
            2.340279,
            48.846738
          ]
        ]
      }
    },
    {
      "type": "Feature",
      "properties": {
        "route_id": "05",
        "version": "05-v10-20261005",
        "name": "05_V0_salida_Senat_Odeon",
        "distance_km": 0.433,
        "role": "senate_early_exit",
        "on_ground_verified": false
      },
      "geometry": {
        "type": "LineString",
        "coordinates": [
          [
            2.337162,
            48.849345
          ],
          [
            2.337161,
            48.849358
          ],
          [
            2.337178,
            48.849393
          ],
          [
            2.337203,
            48.849396
          ],
          [
            2.337323,
            48.849399
          ],
          [
            2.337427,
            48.849401
          ],
          [
            2.337473,
            48.849402
          ],
          [
            2.337725,
            48.84935
          ],
          [
            2.337761,
            48.849351
          ],
          [
            2.337776,
            48.849356
          ],
          [
            2.337799,
            48.849478
          ],
          [
            2.337874,
            48.849889
          ],
          [
            2.337963,
            48.850428
          ],
          [
            2.338028,
            48.850799
          ],
          [
            2.338093,
            48.851186
          ],
          [
            2.338178,
            48.851389
          ],
          [
            2.338183,
            48.851434
          ],
          [
            2.338204,
            48.851431
          ],
          [
            2.338223,
            48.851429
          ],
          [
            2.338251,
            48.851426
          ],
          [
            2.338269,
            48.851427
          ],
          [
            2.338342,
            48.851546
          ],
          [
            2.338496,
            48.851752
          ],
          [
            2.338611,
            48.851715
          ],
          [
            2.338646,
            48.851717
          ],
          [
            2.338691,
            48.851722
          ],
          [
            2.338714,
            48.851725
          ],
          [
            2.338757,
            48.851741
          ],
          [
            2.33877,
            48.851765
          ],
          [
            2.338771,
            48.851785
          ],
          [
            2.338764,
            48.851812
          ],
          [
            2.338757,
            48.851841
          ],
          [
            2.338775,
            48.851869
          ],
          [
            2.338765,
            48.851967
          ],
          [
            2.338739,
            48.852003
          ],
          [
            2.33875,
            48.852113
          ],
          [
            2.338771,
            48.85221
          ],
          [
            2.338779,
            48.852222
          ],
          [
            2.338788,
            48.852227
          ],
          [
            2.338812,
            48.852233
          ],
          [
            2.338834,
            48.852229
          ],
          [
            2.338844,
            48.852243
          ],
          [
            2.33886,
            48.852265
          ],
          [
            2.33888,
            48.852292
          ],
          [
            2.338888,
            48.852304
          ],
          [
            2.339002,
            48.852277
          ],
          [
            2.339013,
            48.852298
          ],
          [
            2.339003,
            48.8523
          ],
          [
            2.338939,
            48.852317
          ]
        ]
      }
    },
    {
      "type": "Feature",
      "properties": {
        "route_id": "05",
        "version": "05-v10-20261005",
        "name": "05_V2_bypass_catedral",
        "distance_km": 3.597,
        "role": "v2_islands_bypass",
        "on_ground_verified": false
      },
      "geometry": {
        "type": "LineString",
        "coordinates": [
          [
            2.363979,
            48.867328
          ],
          [
            2.3639,
            48.867262
          ],
          [
            2.363835,
            48.867218
          ],
          [
            2.363722,
            48.867138
          ],
          [
            2.363714,
            48.867132
          ],
          [
            2.363701,
            48.867123
          ],
          [
            2.363624,
            48.867068
          ],
          [
            2.363572,
            48.867032
          ],
          [
            2.36344,
            48.86711
          ],
          [
            2.363366,
            48.867156
          ],
          [
            2.363317,
            48.867139
          ],
          [
            2.363266,
            48.86712
          ],
          [
            2.363153,
            48.867083
          ],
          [
            2.363126,
            48.867072
          ],
          [
            2.363105,
            48.867066
          ],
          [
            2.363079,
            48.867056
          ],
          [
            2.363067,
            48.867041
          ],
          [
            2.362989,
            48.86702
          ],
          [
            2.362113,
            48.86667
          ],
          [
            2.361768,
            48.866529
          ],
          [
            2.361741,
            48.866553
          ],
          [
            2.361709,
            48.866572
          ],
          [
            2.361649,
            48.866608
          ],
          [
            2.361631,
            48.866625
          ],
          [
            2.361615,
            48.866639
          ],
          [
            2.361592,
            48.866661
          ],
          [
            2.36136,
            48.866596
          ],
          [
            2.361337,
            48.86659
          ],
          [
            2.361302,
            48.866581
          ],
          [
            2.361251,
            48.866564
          ],
          [
            2.3612,
            48.866549
          ],
          [
            2.360469,
            48.866389
          ],
          [
            2.360408,
            48.866375
          ],
          [
            2.35984,
            48.866242
          ],
          [
            2.359807,
            48.866235
          ],
          [
            2.359755,
            48.866223
          ],
          [
            2.359628,
            48.866195
          ],
          [
            2.359597,
            48.866188
          ],
          [
            2.358293,
            48.865893
          ],
          [
            2.358254,
            48.865881
          ],
          [
            2.358236,
            48.865875
          ],
          [
            2.358159,
            48.865857
          ],
          [
            2.358097,
            48.865842
          ],
          [
            2.358057,
            48.865829
          ],
          [
            2.35802,
            48.865828
          ],
          [
            2.357578,
            48.86573
          ],
          [
            2.357554,
            48.865723
          ],
          [
            2.357535,
            48.86571
          ],
          [
            2.357521,
            48.865712
          ],
          [
            2.357444,
            48.865695
          ],
          [
            2.357345,
            48.865673
          ],
          [
            2.357335,
            48.865668
          ],
          [
            2.357323,
            48.865671
          ],
          [
            2.357305,
            48.865672
          ],
          [
            2.357103,
            48.865623
          ],
          [
            2.356811,
            48.865551
          ],
          [
            2.356723,
            48.865531
          ],
          [
            2.356553,
            48.86549
          ],
          [
            2.356425,
            48.865466
          ],
          [
            2.356427,
            48.865445
          ],
          [
            2.356423,
            48.865431
          ],
          [
            2.356396,
            48.86539
          ],
          [
            2.356379,
            48.865356
          ],
          [
            2.356366,
            48.865329
          ],
          [
            2.355826,
            48.86532
          ],
          [
            2.35581,
            48.865307
          ],
          [
            2.3558,
            48.86529
          ],
          [
            2.355791,
            48.865265
          ],
          [
            2.355796,
            48.865234
          ],
          [
            2.355787,
            48.865223
          ],
          [
            2.355766,
            48.865196
          ],
          [
            2.355754,
            48.865181
          ],
          [
            2.355736,
            48.865158
          ],
          [
            2.355718,
            48.865152
          ],
          [
            2.355708,
            48.86514
          ],
          [
            2.355671,
            48.865152
          ],
          [
            2.35566,
            48.865156
          ],
          [
            2.355629,
            48.865167
          ],
          [
            2.35557,
            48.865189
          ],
          [
            2.355524,
            48.865184
          ],
          [
            2.355482,
            48.865213
          ],
          [
            2.355447,
            48.865237
          ],
          [
            2.35508,
            48.86515
          ],
          [
            2.354664,
            48.865048
          ],
          [
            2.354645,
            48.865043
          ],
          [
            2.354604,
            48.865034
          ],
          [
            2.354554,
            48.865021
          ],
          [
            2.354492,
            48.865005
          ],
          [
            2.354476,
            48.865002
          ],
          [
            2.354379,
            48.86499
          ],
          [
            2.353586,
            48.864809
          ],
          [
            2.353535,
            48.864792
          ],
          [
            2.35352,
            48.864788
          ],
          [
            2.353469,
            48.864774
          ],
          [
            2.353426,
            48.864761
          ],
          [
            2.35341,
            48.864756
          ],
          [
            2.353388,
            48.864761
          ],
          [
            2.353349,
            48.864745
          ],
          [
            2.353328,
            48.864741
          ],
          [
            2.353271,
            48.864729
          ],
          [
            2.353219,
            48.864718
          ],
          [
            2.353189,
            48.864711
          ],
          [
            2.353108,
            48.864701
          ],
          [
            2.35229,
            48.86452
          ],
          [
            2.352088,
            48.864475
          ],
          [
            2.35168,
            48.864385
          ],
          [
            2.35166,
            48.864369
          ],
          [
            2.35158,
            48.864353
          ],
          [
            2.351474,
            48.864329
          ],
          [
            2.351369,
            48.864304
          ],
          [
            2.351344,
            48.864298
          ],
          [
            2.351281,
            48.864285
          ],
          [
            2.351265,
            48.86426
          ],
          [
            2.351256,
            48.864245
          ],
          [
            2.351244,
            48.864226
          ],
          [
            2.351223,
            48.864193
          ],
          [
            2.351193,
            48.864131
          ],
          [
            2.350879,
            48.863582
          ],
          [
            2.350836,
            48.863511
          ],
          [
            2.350832,
            48.863505
          ],
          [
            2.350797,
            48.863443
          ],
          [
            2.350764,
            48.863384
          ],
          [
            2.35076,
            48.863377
          ],
          [
            2.350772,
            48.86335
          ],
          [
            2.35073,
            48.863274
          ],
          [
            2.350557,
            48.862976
          ],
          [
            2.350544,
            48.862955
          ],
          [
            2.350535,
            48.862939
          ],
          [
            2.350273,
            48.862492
          ],
          [
            2.350047,
            48.862076
          ],
          [
            2.350043,
            48.862066
          ],
          [
            2.350022,
            48.86202
          ],
          [
            2.350003,
            48.861982
          ],
          [
            2.349985,
            48.861966
          ],
          [
            2.349875,
            48.861768
          ],
          [
            2.34976,
            48.86156
          ],
          [
            2.349703,
            48.861451
          ],
          [
            2.349683,
            48.861415
          ],
          [
            2.349581,
            48.861254
          ],
          [
            2.349494,
            48.861134
          ],
          [
            2.349391,
            48.860944
          ],
          [
            2.34925,
            48.860683
          ],
          [
            2.349212,
            48.860626
          ],
          [
            2.349191,
            48.860583
          ],
          [
            2.349172,
            48.860547
          ],
          [
            2.348968,
            48.860156
          ],
          [
            2.348933,
            48.860085
          ],
          [
            2.348908,
            48.860012
          ],
          [
            2.348894,
            48.859984
          ],
          [
            2.348671,
            48.859606
          ],
          [
            2.348656,
            48.859591
          ],
          [
            2.348639,
            48.859566
          ],
          [
            2.348625,
            48.859543
          ],
          [
            2.34862,
            48.859529
          ],
          [
            2.348609,
            48.859504
          ],
          [
            2.348441,
            48.8592
          ],
          [
            2.348143,
            48.858679
          ],
          [
            2.348104,
            48.85865
          ],
          [
            2.348086,
            48.858622
          ],
          [
            2.348075,
            48.858594
          ],
          [
            2.348062,
            48.858562
          ],
          [
            2.348046,
            48.858525
          ],
          [
            2.348041,
            48.858511
          ],
          [
            2.348032,
            48.858493
          ],
          [
            2.348044,
            48.858474
          ],
          [
            2.347711,
            48.857882
          ],
          [
            2.347661,
            48.857861
          ],
          [
            2.347643,
            48.857828
          ],
          [
            2.347607,
            48.857772
          ],
          [
            2.347557,
            48.857698
          ],
          [
            2.347542,
            48.857674
          ],
          [
            2.347272,
            48.857743
          ],
          [
            2.347211,
            48.857745
          ],
          [
            2.347111,
            48.857771
          ],
          [
            2.347006,
            48.857799
          ],
          [
            2.346969,
            48.857807
          ],
          [
            2.346907,
            48.857707
          ],
          [
            2.34675,
            48.857445
          ],
          [
            2.346725,
            48.857437
          ],
          [
            2.346717,
            48.857419
          ],
          [
            2.346722,
            48.857338
          ],
          [
            2.346731,
            48.857268
          ],
          [
            2.346735,
            48.85725
          ],
          [
            2.346842,
            48.857211
          ],
          [
            2.346857,
            48.857192
          ],
          [
            2.346864,
            48.857171
          ],
          [
            2.346909,
            48.857177
          ],
          [
            2.346982,
            48.857168
          ],
          [
            2.34706,
            48.857157
          ],
          [
            2.347164,
            48.857126
          ],
          [
            2.34714,
            48.857115
          ],
          [
            2.347134,
            48.857106
          ],
          [
            2.346958,
            48.856824
          ],
          [
            2.346871,
            48.856684
          ],
          [
            2.346913,
            48.856672
          ],
          [
            2.346957,
            48.85666
          ],
          [
            2.346687,
            48.856217
          ],
          [
            2.346682,
            48.856209
          ],
          [
            2.346663,
            48.856178
          ],
          [
            2.346644,
            48.85615
          ],
          [
            2.346609,
            48.856099
          ],
          [
            2.346597,
            48.856082
          ],
          [
            2.346248,
            48.855515
          ],
          [
            2.346234,
            48.855493
          ],
          [
            2.346168,
            48.855423
          ],
          [
            2.346061,
            48.85531
          ],
          [
            2.346035,
            48.855284
          ],
          [
            2.345975,
            48.85522
          ],
          [
            2.345864,
            48.855095
          ],
          [
            2.345233,
            48.854493
          ],
          [
            2.345111,
            48.854371
          ],
          [
            2.345098,
            48.854355
          ],
          [
            2.34504,
            48.854295
          ],
          [
            2.344995,
            48.854247
          ],
          [
            2.344965,
            48.854217
          ],
          [
            2.344552,
            48.853809
          ],
          [
            2.344568,
            48.853791
          ],
          [
            2.344611,
            48.853779
          ],
          [
            2.344722,
            48.853747
          ],
          [
            2.344779,
            48.853731
          ],
          [
            2.344772,
            48.853719
          ],
          [
            2.344754,
            48.853724
          ],
          [
            2.344701,
            48.853739
          ],
          [
            2.344681,
            48.853744
          ],
          [
            2.344657,
            48.853751
          ],
          [
            2.344606,
            48.853764
          ],
          [
            2.344602,
            48.853766
          ],
          [
            2.34456,
            48.853778
          ],
          [
            2.34456,
            48.853762
          ],
          [
            2.34456,
            48.853746
          ],
          [
            2.344559,
            48.853699
          ],
          [
            2.344557,
            48.853631
          ],
          [
            2.344546,
            48.853621
          ],
          [
            2.344486,
            48.853571
          ],
          [
            2.344416,
            48.853501
          ],
          [
            2.344355,
            48.853381
          ],
          [
            2.34435,
            48.853366
          ],
          [
            2.344352,
            48.853348
          ],
          [
            2.344354,
            48.853327
          ],
          [
            2.344282,
            48.853263
          ],
          [
            2.344206,
            48.853186
          ],
          [
            2.344125,
            48.85308
          ],
          [
            2.344023,
            48.852872
          ],
          [
            2.343988,
            48.852766
          ],
          [
            2.343982,
            48.852754
          ],
          [
            2.343974,
            48.85273
          ],
          [
            2.343964,
            48.852706
          ],
          [
            2.343959,
            48.85269
          ],
          [
            2.343953,
            48.852664
          ],
          [
            2.343877,
            48.852678
          ],
          [
            2.343792,
            48.852697
          ],
          [
            2.343422,
            48.851929
          ],
          [
            2.34338,
            48.851843
          ],
          [
            2.343341,
            48.851763
          ],
          [
            2.343263,
            48.851593
          ],
          [
            2.343172,
            48.851398
          ],
          [
            2.343145,
            48.851343
          ],
          [
            2.343103,
            48.851253
          ],
          [
            2.342835,
            48.850691
          ],
          [
            2.342803,
            48.850626
          ],
          [
            2.342707,
            48.850426
          ],
          [
            2.342644,
            48.850308
          ],
          [
            2.342563,
            48.850167
          ],
          [
            2.342466,
            48.850004
          ],
          [
            2.342412,
            48.849915
          ],
          [
            2.342326,
            48.849774
          ],
          [
            2.34222,
            48.849607
          ],
          [
            2.341806,
            48.848921
          ],
          [
            2.341771,
            48.848862
          ],
          [
            2.341755,
            48.848836
          ],
          [
            2.341684,
            48.848718
          ],
          [
            2.341655,
            48.848669
          ],
          [
            2.34163,
            48.848629
          ],
          [
            2.341472,
            48.848371
          ],
          [
            2.341101,
            48.847752
          ],
          [
            2.340982,
            48.847566
          ],
          [
            2.341046,
            48.847548
          ],
          [
            2.341072,
            48.84754
          ],
          [
            2.341091,
            48.847535
          ],
          [
            2.341074,
            48.847468
          ],
          [
            2.341087,
            48.847422
          ],
          [
            2.341116,
            48.847386
          ],
          [
            2.341201,
            48.847363
          ],
          [
            2.341187,
            48.847337
          ],
          [
            2.341152,
            48.84727
          ],
          [
            2.341125,
            48.847218
          ],
          [
            2.341115,
            48.847198
          ],
          [
            2.34137,
            48.847123
          ],
          [
            2.341798,
            48.847028
          ],
          [
            2.341824,
            48.847026
          ],
          [
            2.341841,
            48.847024
          ],
          [
            2.341895,
            48.847018
          ],
          [
            2.341942,
            48.847012
          ],
          [
            2.341955,
            48.847008
          ],
          [
            2.341981,
            48.847
          ],
          [
            2.342283,
            48.846913
          ],
          [
            2.342694,
            48.846824
          ],
          [
            2.342736,
            48.846833
          ],
          [
            2.342781,
            48.846823
          ],
          [
            2.342823,
            48.846813
          ],
          [
            2.342835,
            48.846811
          ],
          [
            2.34293,
            48.84679
          ],
          [
            2.343001,
            48.846776
          ],
          [
            2.343182,
            48.846735
          ],
          [
            2.343296,
            48.846708
          ],
          [
            2.343316,
            48.846703
          ],
          [
            2.343362,
            48.846693
          ],
          [
            2.343375,
            48.846691
          ],
          [
            2.343415,
            48.846682
          ],
          [
            2.343699,
            48.846617
          ],
          [
            2.344343,
            48.846475
          ],
          [
            2.344482,
            48.846389
          ],
          [
            2.344606,
            48.84623
          ],
          [
            2.344754,
            48.846034
          ],
          [
            2.344771,
            48.846039
          ],
          [
            2.344873,
            48.846064
          ],
          [
            2.344933,
            48.846079
          ],
          [
            2.344959,
            48.846074
          ],
          [
            2.345073,
            48.846295
          ]
        ]
      }
    },
    {
      "type": "Feature",
      "properties": {
        "route_id": "05",
        "version": "05-v10-20261005",
        "name": "05_V3_Senat_Malraux",
        "distance_km": 0.791,
        "role": "v3_refuge_a",
        "on_ground_verified": false
      },
      "geometry": {
        "type": "LineString",
        "coordinates": [
          [
            2.337162,
            48.849345
          ],
          [
            2.337161,
            48.849358
          ],
          [
            2.336806,
            48.849337
          ],
          [
            2.336757,
            48.849335
          ],
          [
            2.336523,
            48.849324
          ],
          [
            2.336463,
            48.849322
          ],
          [
            2.33611,
            48.849308
          ],
          [
            2.336077,
            48.849328
          ],
          [
            2.336042,
            48.849352
          ],
          [
            2.336009,
            48.849345
          ],
          [
            2.335971,
            48.849347
          ],
          [
            2.335928,
            48.849342
          ],
          [
            2.335909,
            48.849341
          ],
          [
            2.335904,
            48.849315
          ],
          [
            2.335889,
            48.849309
          ],
          [
            2.33577,
            48.849297
          ],
          [
            2.335409,
            48.849272
          ],
          [
            2.33499,
            48.849205
          ],
          [
            2.3349,
            48.849196
          ],
          [
            2.334881,
            48.849202
          ],
          [
            2.334861,
            48.84919
          ],
          [
            2.334839,
            48.849188
          ],
          [
            2.334814,
            48.849185
          ],
          [
            2.334602,
            48.849098
          ],
          [
            2.334123,
            48.849039
          ],
          [
            2.334092,
            48.849035
          ],
          [
            2.334074,
            48.849033
          ],
          [
            2.333927,
            48.849015
          ],
          [
            2.332999,
            48.848827
          ],
          [
            2.332929,
            48.848828
          ],
          [
            2.332875,
            48.848828
          ],
          [
            2.332857,
            48.84881
          ],
          [
            2.332757,
            48.848785
          ],
          [
            2.332688,
            48.84876
          ],
          [
            2.332671,
            48.848756
          ],
          [
            2.332665,
            48.848723
          ],
          [
            2.332372,
            48.848648
          ],
          [
            2.332201,
            48.848601
          ],
          [
            2.331774,
            48.848493
          ],
          [
            2.331734,
            48.848513
          ],
          [
            2.33172,
            48.848508
          ],
          [
            2.331657,
            48.848488
          ],
          [
            2.331613,
            48.848477
          ],
          [
            2.331597,
            48.848468
          ],
          [
            2.331585,
            48.848446
          ],
          [
            2.331558,
            48.848436
          ],
          [
            2.331131,
            48.848314
          ],
          [
            2.331087,
            48.84832
          ],
          [
            2.33108,
            48.848305
          ],
          [
            2.331036,
            48.848293
          ],
          [
            2.331007,
            48.848285
          ],
          [
            2.330968,
            48.848292
          ],
          [
            2.330919,
            48.848255
          ],
          [
            2.330857,
            48.848233
          ],
          [
            2.329634,
            48.847887
          ],
          [
            2.32961,
            48.847897
          ],
          [
            2.329595,
            48.847894
          ],
          [
            2.329522,
            48.847873
          ],
          [
            2.329468,
            48.847857
          ],
          [
            2.329455,
            48.847854
          ],
          [
            2.329449,
            48.847834
          ],
          [
            2.328929,
            48.847682
          ],
          [
            2.328876,
            48.847684
          ],
          [
            2.328578,
            48.847595
          ],
          [
            2.328558,
            48.847577
          ],
          [
            2.328202,
            48.847474
          ],
          [
            2.328175,
            48.847489
          ],
          [
            2.328156,
            48.847485
          ],
          [
            2.328103,
            48.847473
          ],
          [
            2.328057,
            48.847463
          ],
          [
            2.327976,
            48.847437
          ],
          [
            2.327966,
            48.847434
          ],
          [
            2.327907,
            48.847413
          ],
          [
            2.327898,
            48.847446
          ],
          [
            2.327894,
            48.847458
          ],
          [
            2.327803,
            48.847772
          ],
          [
            2.327769,
            48.847899
          ]
        ]
      }
    },
    {
      "type": "Feature",
      "properties": {
        "route_id": "05",
        "version": "05-v10-20261005",
        "name": "05_V3_Malraux_Assemblee",
        "distance_km": 1.828,
        "role": "v3_refuge_b",
        "on_ground_verified": false
      },
      "geometry": {
        "type": "LineString",
        "coordinates": [
          [
            2.327769,
            48.847899
          ],
          [
            2.327726,
            48.848057
          ],
          [
            2.327717,
            48.848082
          ],
          [
            2.327644,
            48.848336
          ],
          [
            2.327193,
            48.849939
          ],
          [
            2.327171,
            48.85003
          ],
          [
            2.327149,
            48.85011
          ],
          [
            2.326975,
            48.850727
          ],
          [
            2.326924,
            48.850912
          ],
          [
            2.326837,
            48.851232
          ],
          [
            2.326796,
            48.851411
          ],
          [
            2.326709,
            48.851702
          ],
          [
            2.326681,
            48.851805
          ],
          [
            2.326597,
            48.85205
          ],
          [
            2.326552,
            48.852183
          ],
          [
            2.326514,
            48.852302
          ],
          [
            2.326485,
            48.852393
          ],
          [
            2.326457,
            48.852478
          ],
          [
            2.326416,
            48.852625
          ],
          [
            2.32622,
            48.853319
          ],
          [
            2.326193,
            48.853414
          ],
          [
            2.326166,
            48.853513
          ],
          [
            2.326091,
            48.853521
          ],
          [
            2.326067,
            48.853526
          ],
          [
            2.325879,
            48.854204
          ],
          [
            2.325867,
            48.854243
          ],
          [
            2.325806,
            48.854431
          ],
          [
            2.325786,
            48.854445
          ],
          [
            2.325793,
            48.854456
          ],
          [
            2.325784,
            48.854485
          ],
          [
            2.325777,
            48.854523
          ],
          [
            2.325738,
            48.854549
          ],
          [
            2.325767,
            48.854572
          ],
          [
            2.325768,
            48.854583
          ],
          [
            2.325456,
            48.855688
          ],
          [
            2.32543,
            48.855712
          ],
          [
            2.325426,
            48.855757
          ],
          [
            2.325408,
            48.855803
          ],
          [
            2.325401,
            48.855831
          ],
          [
            2.325398,
            48.855846
          ],
          [
            2.325384,
            48.855917
          ],
          [
            2.32538,
            48.855938
          ],
          [
            2.325375,
            48.855958
          ],
          [
            2.325363,
            48.855999
          ],
          [
            2.325331,
            48.856036
          ],
          [
            2.325346,
            48.856084
          ],
          [
            2.325263,
            48.856309
          ],
          [
            2.324573,
            48.856809
          ],
          [
            2.324564,
            48.856812
          ],
          [
            2.324527,
            48.856832
          ],
          [
            2.324494,
            48.856857
          ],
          [
            2.32446,
            48.856883
          ],
          [
            2.324446,
            48.856894
          ],
          [
            2.324441,
            48.856911
          ],
          [
            2.323799,
            48.857603
          ],
          [
            2.323477,
            48.857835
          ],
          [
            2.323486,
            48.857851
          ],
          [
            2.323487,
            48.857873
          ],
          [
            2.323481,
            48.857911
          ],
          [
            2.32348,
            48.857924
          ],
          [
            2.323486,
            48.85795
          ],
          [
            2.323398,
            48.858011
          ],
          [
            2.323353,
            48.858061
          ],
          [
            2.323095,
            48.858353
          ],
          [
            2.323075,
            48.858355
          ],
          [
            2.323069,
            48.858375
          ],
          [
            2.323038,
            48.858416
          ],
          [
            2.32302,
            48.858441
          ],
          [
            2.323,
            48.858444
          ],
          [
            2.322983,
            48.858468
          ],
          [
            2.32271,
            48.858742
          ],
          [
            2.32258,
            48.858872
          ],
          [
            2.322481,
            48.858986
          ],
          [
            2.322466,
            48.859003
          ],
          [
            2.322502,
            48.859033
          ],
          [
            2.322521,
            48.859062
          ],
          [
            2.322562,
            48.859122
          ],
          [
            2.322523,
            48.859163
          ],
          [
            2.322,
            48.859701
          ],
          [
            2.321962,
            48.85974
          ],
          [
            2.321718,
            48.859992
          ],
          [
            2.321629,
            48.860086
          ],
          [
            2.321472,
            48.860258
          ],
          [
            2.32078,
            48.861017
          ],
          [
            2.320617,
            48.8612
          ],
          [
            2.320547,
            48.861274
          ],
          [
            2.320413,
            48.861417
          ],
          [
            2.320334,
            48.861496
          ],
          [
            2.319905,
            48.861918
          ],
          [
            2.319875,
            48.861949
          ],
          [
            2.319855,
            48.86197
          ],
          [
            2.319787,
            48.862036
          ],
          [
            2.319656,
            48.862175
          ],
          [
            2.31952,
            48.862289
          ],
          [
            2.319565,
            48.862317
          ],
          [
            2.319599,
            48.862338
          ],
          [
            2.319498,
            48.862427
          ],
          [
            2.319536,
            48.862483
          ],
          [
            2.319558,
            48.862517
          ],
          [
            2.319571,
            48.862535
          ],
          [
            2.319576,
            48.862542
          ],
          [
            2.319584,
            48.862555
          ],
          [
            2.3196,
            48.862579
          ],
          [
            2.319298,
            48.862676
          ]
        ]
      }
    },
    {
      "type": "Feature",
      "properties": {
        "route_id": "05",
        "version": "05-v10-20261005",
        "name": "05_V4_Senat_final_ribera_norte",
        "distance_km": 2.623,
        "role": "v4_northbank",
        "on_ground_verified": false
      },
      "geometry": {
        "type": "LineString",
        "coordinates": [
          [
            2.337162,
            48.849345
          ],
          [
            2.337161,
            48.849358
          ],
          [
            2.337178,
            48.849393
          ],
          [
            2.337102,
            48.850278
          ],
          [
            2.337007,
            48.851415
          ],
          [
            2.336973,
            48.851424
          ],
          [
            2.336968,
            48.851434
          ],
          [
            2.336965,
            48.851454
          ],
          [
            2.336962,
            48.851483
          ],
          [
            2.33696,
            48.851492
          ],
          [
            2.336997,
            48.851508
          ],
          [
            2.336989,
            48.851707
          ],
          [
            2.336978,
            48.851728
          ],
          [
            2.336978,
            48.851737
          ],
          [
            2.33698,
            48.851759
          ],
          [
            2.336979,
            48.851784
          ],
          [
            2.336973,
            48.851792
          ],
          [
            2.336985,
            48.85181
          ],
          [
            2.337007,
            48.851815
          ],
          [
            2.337044,
            48.851815
          ],
          [
            2.337101,
            48.851817
          ],
          [
            2.337116,
            48.851819
          ],
          [
            2.337086,
            48.85249
          ],
          [
            2.337072,
            48.852714
          ],
          [
            2.337111,
            48.852737
          ],
          [
            2.337142,
            48.852753
          ],
          [
            2.337129,
            48.852771
          ],
          [
            2.337119,
            48.852812
          ],
          [
            2.337105,
            48.852875
          ],
          [
            2.337085,
            48.85296
          ],
          [
            2.337109,
            48.85299
          ],
          [
            2.337072,
            48.853013
          ],
          [
            2.337057,
            48.853057
          ],
          [
            2.337012,
            48.853781
          ],
          [
            2.337067,
            48.853828
          ],
          [
            2.33706,
            48.853842
          ],
          [
            2.337058,
            48.853857
          ],
          [
            2.337054,
            48.853872
          ],
          [
            2.337052,
            48.853889
          ],
          [
            2.337005,
            48.853912
          ],
          [
            2.336986,
            48.853911
          ],
          [
            2.336959,
            48.853909
          ],
          [
            2.336934,
            48.853906
          ],
          [
            2.336923,
            48.853909
          ],
          [
            2.336865,
            48.854329
          ],
          [
            2.336818,
            48.854367
          ],
          [
            2.336805,
            48.85446
          ],
          [
            2.336779,
            48.854487
          ],
          [
            2.336776,
            48.854489
          ],
          [
            2.336574,
            48.854558
          ],
          [
            2.336503,
            48.85461
          ],
          [
            2.336483,
            48.85462
          ],
          [
            2.336297,
            48.85467
          ],
          [
            2.336115,
            48.854718
          ],
          [
            2.336108,
            48.854716
          ],
          [
            2.336102,
            48.85472
          ],
          [
            2.336071,
            48.854732
          ],
          [
            2.336046,
            48.854742
          ],
          [
            2.33604,
            48.854745
          ],
          [
            2.336037,
            48.854752
          ],
          [
            2.335876,
            48.854819
          ],
          [
            2.335615,
            48.854909
          ],
          [
            2.3354,
            48.854985
          ],
          [
            2.33531,
            48.855016
          ],
          [
            2.334863,
            48.855169
          ],
          [
            2.3348,
            48.85517
          ],
          [
            2.334373,
            48.855314
          ],
          [
            2.334044,
            48.855427
          ],
          [
            2.33401,
            48.855441
          ],
          [
            2.33398,
            48.855438
          ],
          [
            2.333969,
            48.855439
          ],
          [
            2.333923,
            48.855451
          ],
          [
            2.333884,
            48.855464
          ],
          [
            2.333868,
            48.855467
          ],
          [
            2.333857,
            48.855488
          ],
          [
            2.333559,
            48.855592
          ],
          [
            2.333566,
            48.855601
          ],
          [
            2.333591,
            48.855629
          ],
          [
            2.333613,
            48.855656
          ],
          [
            2.333622,
            48.855664
          ],
          [
            2.333467,
            48.855719
          ],
          [
            2.333201,
            48.855814
          ],
          [
            2.332246,
            48.856152
          ],
          [
            2.33191,
            48.85627
          ],
          [
            2.331784,
            48.856311
          ],
          [
            2.331753,
            48.856336
          ],
          [
            2.331739,
            48.85634
          ],
          [
            2.33171,
            48.856357
          ],
          [
            2.331672,
            48.856375
          ],
          [
            2.331662,
            48.85638
          ],
          [
            2.331652,
            48.856373
          ],
          [
            2.331622,
            48.856379
          ],
          [
            2.330512,
            48.856798
          ],
          [
            2.32927,
            48.857265
          ],
          [
            2.329169,
            48.857308
          ],
          [
            2.32902,
            48.857371
          ],
          [
            2.32901,
            48.857395
          ],
          [
            2.329007,
            48.85743
          ],
          [
            2.329067,
            48.857514
          ],
          [
            2.329077,
            48.85756
          ],
          [
            2.329315,
            48.8579
          ],
          [
            2.32934,
            48.857905
          ],
          [
            2.329346,
            48.857911
          ],
          [
            2.329356,
            48.857925
          ],
          [
            2.329366,
            48.85794
          ],
          [
            2.32937,
            48.857945
          ],
          [
            2.329354,
            48.857952
          ],
          [
            2.329356,
            48.857961
          ],
          [
            2.329513,
            48.858187
          ],
          [
            2.329669,
            48.858411
          ],
          [
            2.32971,
            48.858472
          ],
          [
            2.32972,
            48.85848
          ],
          [
            2.329748,
            48.858475
          ],
          [
            2.329754,
            48.858483
          ],
          [
            2.329769,
            48.858503
          ],
          [
            2.32979,
            48.858531
          ],
          [
            2.329804,
            48.858538
          ],
          [
            2.329794,
            48.858552
          ],
          [
            2.32979,
            48.858575
          ],
          [
            2.329813,
            48.858627
          ],
          [
            2.329975,
            48.858854
          ],
          [
            2.330005,
            48.858905
          ],
          [
            2.330183,
            48.859155
          ],
          [
            2.330195,
            48.85917
          ],
          [
            2.330184,
            48.859174
          ],
          [
            2.330155,
            48.859183
          ],
          [
            2.330205,
            48.859255
          ],
          [
            2.329664,
            48.859431
          ],
          [
            2.329642,
            48.859496
          ],
          [
            2.329616,
            48.85957
          ],
          [
            2.329581,
            48.859672
          ],
          [
            2.330262,
            48.860586
          ],
          [
            2.330205,
            48.860694
          ],
          [
            2.330199,
            48.860706
          ],
          [
            2.330195,
            48.860712
          ],
          [
            2.330072,
            48.860897
          ],
          [
            2.329937,
            48.860944
          ],
          [
            2.329953,
            48.861018
          ],
          [
            2.329956,
            48.861032
          ],
          [
            2.327962,
            48.86169
          ],
          [
            2.327779,
            48.86175
          ],
          [
            2.325348,
            48.86254
          ],
          [
            2.325153,
            48.862603
          ],
          [
            2.322988,
            48.863313
          ],
          [
            2.322216,
            48.863567
          ],
          [
            2.322216,
            48.863567
          ],
          [
            2.321635,
            48.863758
          ],
          [
            2.321602,
            48.863785
          ],
          [
            2.321582,
            48.863837
          ],
          [
            2.321488,
            48.863856
          ],
          [
            2.32138,
            48.863896
          ],
          [
            2.320509,
            48.864188
          ],
          [
            2.320394,
            48.864029
          ],
          [
            2.320363,
            48.863991
          ],
          [
            2.320343,
            48.863967
          ],
          [
            2.320323,
            48.863942
          ],
          [
            2.320248,
            48.863959
          ],
          [
            2.320195,
            48.863975
          ],
          [
            2.320168,
            48.863984
          ],
          [
            2.320065,
            48.864016
          ],
          [
            2.319945,
            48.864052
          ],
          [
            2.319925,
            48.864059
          ],
          [
            2.319901,
            48.864066
          ],
          [
            2.319893,
            48.864054
          ],
          [
            2.319753,
            48.863862
          ]
        ]
      }
    },
    {
      "type": "Feature",
      "properties": {
        "route_id": "05",
        "version": "05-v10-20261005",
        "name": "05_V4_salida_Concorde",
        "distance_km": 0.531,
        "role": "v4_return",
        "on_ground_verified": false
      },
      "geometry": {
        "type": "LineString",
        "coordinates": [
          [
            2.319753,
            48.863862
          ],
          [
            2.319893,
            48.864054
          ],
          [
            2.319901,
            48.864066
          ],
          [
            2.319792,
            48.864102
          ],
          [
            2.319794,
            48.864113
          ],
          [
            2.319797,
            48.864119
          ],
          [
            2.319801,
            48.864125
          ],
          [
            2.319812,
            48.864138
          ],
          [
            2.31983,
            48.86416
          ],
          [
            2.319864,
            48.8642
          ],
          [
            2.319924,
            48.864276
          ],
          [
            2.319949,
            48.864267
          ],
          [
            2.320048,
            48.864235
          ],
          [
            2.320135,
            48.864206
          ],
          [
            2.320309,
            48.864286
          ],
          [
            2.320409,
            48.864254
          ],
          [
            2.320428,
            48.864283
          ],
          [
            2.320452,
            48.864352
          ],
          [
            2.320418,
            48.864415
          ],
          [
            2.320404,
            48.864537
          ],
          [
            2.320432,
            48.864651
          ],
          [
            2.320432,
            48.864683
          ],
          [
            2.320489,
            48.864668
          ],
          [
            2.320529,
            48.864656
          ],
          [
            2.32058,
            48.864654
          ],
          [
            2.320816,
            48.86465
          ],
          [
            2.320947,
            48.864681
          ],
          [
            2.321042,
            48.864721
          ],
          [
            2.321122,
            48.864772
          ],
          [
            2.321184,
            48.864833
          ],
          [
            2.321362,
            48.865084
          ],
          [
            2.321416,
            48.86516
          ],
          [
            2.321551,
            48.865352
          ],
          [
            2.321692,
            48.86555
          ],
          [
            2.321739,
            48.865617
          ],
          [
            2.322007,
            48.86553
          ],
          [
            2.322068,
            48.865511
          ],
          [
            2.322289,
            48.86582
          ],
          [
            2.322304,
            48.865864
          ],
          [
            2.322306,
            48.865875
          ],
          [
            2.322444,
            48.865879
          ],
          [
            2.322672,
            48.865885
          ],
          [
            2.32275,
            48.865886
          ],
          [
            2.322782,
            48.865875
          ],
          [
            2.322913,
            48.86588
          ],
          [
            2.323003,
            48.865883
          ],
          [
            2.323048,
            48.865884
          ],
          [
            2.32326,
            48.866158
          ],
          [
            2.323294,
            48.866196
          ],
          [
            2.32335,
            48.866226
          ],
          [
            2.323484,
            48.866265
          ],
          [
            2.323575,
            48.866288
          ],
          [
            2.323659,
            48.866284
          ],
          [
            2.323974,
            48.866243
          ],
          [
            2.323934,
            48.866184
          ]
        ]
      }
    },
    {
      "type": "Feature",
      "properties": {
        "route_id": "05",
        "version": "05-v10-20261005",
        "name": "05_V5_ArtsMetiers_Pantheon",
        "distance_km": 2.923,
        "role": "v5_omit_republique",
        "on_ground_verified": false
      },
      "geometry": {
        "type": "LineString",
        "coordinates": [
          [
            2.355543,
            48.865462
          ],
          [
            2.355469,
            48.865462
          ],
          [
            2.355442,
            48.865461
          ],
          [
            2.355446,
            48.86539
          ],
          [
            2.355448,
            48.865361
          ],
          [
            2.355448,
            48.865332
          ],
          [
            2.355448,
            48.865278
          ],
          [
            2.355448,
            48.865261
          ],
          [
            2.355447,
            48.865237
          ],
          [
            2.35508,
            48.86515
          ],
          [
            2.354664,
            48.865048
          ],
          [
            2.354645,
            48.865043
          ],
          [
            2.354604,
            48.865034
          ],
          [
            2.354554,
            48.865021
          ],
          [
            2.354492,
            48.865005
          ],
          [
            2.354476,
            48.865002
          ],
          [
            2.354379,
            48.86499
          ],
          [
            2.353586,
            48.864809
          ],
          [
            2.353535,
            48.864792
          ],
          [
            2.35352,
            48.864788
          ],
          [
            2.353469,
            48.864774
          ],
          [
            2.353426,
            48.864761
          ],
          [
            2.35341,
            48.864756
          ],
          [
            2.353388,
            48.864761
          ],
          [
            2.353349,
            48.864745
          ],
          [
            2.353328,
            48.864741
          ],
          [
            2.353271,
            48.864729
          ],
          [
            2.353219,
            48.864718
          ],
          [
            2.353189,
            48.864711
          ],
          [
            2.353108,
            48.864701
          ],
          [
            2.35229,
            48.86452
          ],
          [
            2.352088,
            48.864475
          ],
          [
            2.35168,
            48.864385
          ],
          [
            2.35166,
            48.864369
          ],
          [
            2.35154,
            48.864161
          ],
          [
            2.351532,
            48.864153
          ],
          [
            2.351513,
            48.864119
          ],
          [
            2.351495,
            48.864088
          ],
          [
            2.35149,
            48.864082
          ],
          [
            2.351485,
            48.864059
          ],
          [
            2.351168,
            48.863506
          ],
          [
            2.351146,
            48.863435
          ],
          [
            2.351136,
            48.863418
          ],
          [
            2.351106,
            48.863369
          ],
          [
            2.351075,
            48.863318
          ],
          [
            2.351067,
            48.863305
          ],
          [
            2.351018,
            48.863292
          ],
          [
            2.350974,
            48.863187
          ],
          [
            2.350636,
            48.862557
          ],
          [
            2.350325,
            48.862004
          ],
          [
            2.350337,
            48.861985
          ],
          [
            2.350327,
            48.861966
          ],
          [
            2.350319,
            48.861952
          ],
          [
            2.35031,
            48.861937
          ],
          [
            2.350303,
            48.861922
          ],
          [
            2.350275,
            48.861923
          ],
          [
            2.349697,
            48.860861
          ],
          [
            2.349556,
            48.8606
          ],
          [
            2.349516,
            48.860545
          ],
          [
            2.349513,
            48.86054
          ],
          [
            2.34949,
            48.860504
          ],
          [
            2.349448,
            48.860518
          ],
          [
            2.349363,
            48.860539
          ],
          [
            2.349271,
            48.860562
          ],
          [
            2.349256,
            48.860565
          ],
          [
            2.349191,
            48.860583
          ],
          [
            2.349172,
            48.860547
          ],
          [
            2.348968,
            48.860156
          ],
          [
            2.348933,
            48.860085
          ],
          [
            2.348908,
            48.860012
          ],
          [
            2.348894,
            48.859984
          ],
          [
            2.348671,
            48.859606
          ],
          [
            2.348656,
            48.859591
          ],
          [
            2.348639,
            48.859566
          ],
          [
            2.348625,
            48.859543
          ],
          [
            2.34862,
            48.859529
          ],
          [
            2.348609,
            48.859504
          ],
          [
            2.348441,
            48.8592
          ],
          [
            2.348143,
            48.858679
          ],
          [
            2.348104,
            48.85865
          ],
          [
            2.348086,
            48.858622
          ],
          [
            2.348075,
            48.858594
          ],
          [
            2.348062,
            48.858562
          ],
          [
            2.348046,
            48.858525
          ],
          [
            2.348041,
            48.858511
          ],
          [
            2.348032,
            48.858493
          ],
          [
            2.348044,
            48.858474
          ],
          [
            2.347711,
            48.857882
          ],
          [
            2.347661,
            48.857861
          ],
          [
            2.347643,
            48.857828
          ],
          [
            2.347607,
            48.857772
          ],
          [
            2.347557,
            48.857698
          ],
          [
            2.347542,
            48.857674
          ],
          [
            2.347272,
            48.857743
          ],
          [
            2.347211,
            48.857745
          ],
          [
            2.347111,
            48.857771
          ],
          [
            2.347006,
            48.857799
          ],
          [
            2.346969,
            48.857807
          ],
          [
            2.346907,
            48.857707
          ],
          [
            2.34675,
            48.857445
          ],
          [
            2.346725,
            48.857437
          ],
          [
            2.346717,
            48.857419
          ],
          [
            2.346722,
            48.857338
          ],
          [
            2.346731,
            48.857268
          ],
          [
            2.346735,
            48.85725
          ],
          [
            2.346842,
            48.857211
          ],
          [
            2.346857,
            48.857192
          ],
          [
            2.346864,
            48.857171
          ],
          [
            2.346909,
            48.857177
          ],
          [
            2.346982,
            48.857168
          ],
          [
            2.34706,
            48.857157
          ],
          [
            2.347164,
            48.857126
          ],
          [
            2.34714,
            48.857115
          ],
          [
            2.347134,
            48.857106
          ],
          [
            2.346958,
            48.856824
          ],
          [
            2.346871,
            48.856684
          ],
          [
            2.346913,
            48.856672
          ],
          [
            2.346957,
            48.85666
          ],
          [
            2.346687,
            48.856217
          ],
          [
            2.346682,
            48.856209
          ],
          [
            2.346663,
            48.856178
          ],
          [
            2.346644,
            48.85615
          ],
          [
            2.346609,
            48.856099
          ],
          [
            2.346597,
            48.856082
          ],
          [
            2.346248,
            48.855515
          ],
          [
            2.346234,
            48.855493
          ],
          [
            2.346168,
            48.855423
          ],
          [
            2.346061,
            48.85531
          ],
          [
            2.346035,
            48.855284
          ],
          [
            2.345975,
            48.85522
          ],
          [
            2.345864,
            48.855095
          ],
          [
            2.345233,
            48.854493
          ],
          [
            2.345111,
            48.854371
          ],
          [
            2.345098,
            48.854355
          ],
          [
            2.34504,
            48.854295
          ],
          [
            2.344995,
            48.854247
          ],
          [
            2.344965,
            48.854217
          ],
          [
            2.344552,
            48.853809
          ],
          [
            2.344568,
            48.853791
          ],
          [
            2.344611,
            48.853779
          ],
          [
            2.344722,
            48.853747
          ],
          [
            2.344779,
            48.853731
          ],
          [
            2.344772,
            48.853719
          ],
          [
            2.344754,
            48.853724
          ],
          [
            2.344701,
            48.853739
          ],
          [
            2.344681,
            48.853744
          ],
          [
            2.344657,
            48.853751
          ],
          [
            2.344606,
            48.853764
          ],
          [
            2.344602,
            48.853766
          ],
          [
            2.34456,
            48.853778
          ],
          [
            2.34456,
            48.853762
          ],
          [
            2.34456,
            48.853746
          ],
          [
            2.344559,
            48.853699
          ],
          [
            2.344557,
            48.853631
          ],
          [
            2.344546,
            48.853621
          ],
          [
            2.344486,
            48.853571
          ],
          [
            2.344416,
            48.853501
          ],
          [
            2.344355,
            48.853381
          ],
          [
            2.34435,
            48.853366
          ],
          [
            2.344352,
            48.853348
          ],
          [
            2.344354,
            48.853327
          ],
          [
            2.344282,
            48.853263
          ],
          [
            2.344206,
            48.853186
          ],
          [
            2.344125,
            48.85308
          ],
          [
            2.344023,
            48.852872
          ],
          [
            2.343988,
            48.852766
          ],
          [
            2.343982,
            48.852754
          ],
          [
            2.343974,
            48.85273
          ],
          [
            2.343964,
            48.852706
          ],
          [
            2.343959,
            48.85269
          ],
          [
            2.343953,
            48.852664
          ],
          [
            2.343877,
            48.852678
          ],
          [
            2.343792,
            48.852697
          ],
          [
            2.343422,
            48.851929
          ],
          [
            2.34338,
            48.851843
          ],
          [
            2.343341,
            48.851763
          ],
          [
            2.343263,
            48.851593
          ],
          [
            2.343172,
            48.851398
          ],
          [
            2.343145,
            48.851343
          ],
          [
            2.343103,
            48.851253
          ],
          [
            2.342835,
            48.850691
          ],
          [
            2.342803,
            48.850626
          ],
          [
            2.342707,
            48.850426
          ],
          [
            2.342644,
            48.850308
          ],
          [
            2.342563,
            48.850167
          ],
          [
            2.342466,
            48.850004
          ],
          [
            2.342412,
            48.849915
          ],
          [
            2.342326,
            48.849774
          ],
          [
            2.34222,
            48.849607
          ],
          [
            2.341806,
            48.848921
          ],
          [
            2.341771,
            48.848862
          ],
          [
            2.341755,
            48.848836
          ],
          [
            2.341684,
            48.848718
          ],
          [
            2.341655,
            48.848669
          ],
          [
            2.34163,
            48.848629
          ],
          [
            2.341472,
            48.848371
          ],
          [
            2.341101,
            48.847752
          ],
          [
            2.340982,
            48.847566
          ],
          [
            2.341046,
            48.847548
          ],
          [
            2.341072,
            48.84754
          ],
          [
            2.341091,
            48.847535
          ],
          [
            2.341074,
            48.847468
          ],
          [
            2.341087,
            48.847422
          ],
          [
            2.341116,
            48.847386
          ],
          [
            2.341201,
            48.847363
          ],
          [
            2.341187,
            48.847337
          ],
          [
            2.341152,
            48.84727
          ],
          [
            2.341125,
            48.847218
          ],
          [
            2.341115,
            48.847198
          ],
          [
            2.34137,
            48.847123
          ],
          [
            2.341798,
            48.847028
          ],
          [
            2.341824,
            48.847026
          ],
          [
            2.341841,
            48.847024
          ],
          [
            2.341895,
            48.847018
          ],
          [
            2.341942,
            48.847012
          ],
          [
            2.341955,
            48.847008
          ],
          [
            2.341981,
            48.847
          ],
          [
            2.342283,
            48.846913
          ],
          [
            2.342694,
            48.846824
          ],
          [
            2.342736,
            48.846833
          ],
          [
            2.342781,
            48.846823
          ],
          [
            2.342823,
            48.846813
          ],
          [
            2.342835,
            48.846811
          ],
          [
            2.34293,
            48.84679
          ],
          [
            2.343001,
            48.846776
          ],
          [
            2.343182,
            48.846735
          ],
          [
            2.343296,
            48.846708
          ],
          [
            2.343316,
            48.846703
          ],
          [
            2.343362,
            48.846693
          ],
          [
            2.343375,
            48.846691
          ],
          [
            2.343415,
            48.846682
          ],
          [
            2.343699,
            48.846617
          ],
          [
            2.344343,
            48.846475
          ],
          [
            2.344482,
            48.846389
          ],
          [
            2.344606,
            48.84623
          ],
          [
            2.344754,
            48.846034
          ],
          [
            2.344771,
            48.846039
          ],
          [
            2.344873,
            48.846064
          ],
          [
            2.344933,
            48.846079
          ],
          [
            2.344959,
            48.846074
          ],
          [
            2.345073,
            48.846295
          ]
        ]
      }
    },
    {
      "type": "Feature",
      "properties": {
        "route_id": "05",
        "version": "05-v10-20261005",
        "name": "05_WC_Republique_ida",
        "distance_km": 0.178,
        "role": "wc_start",
        "on_ground_verified": false
      },
      "geometry": {
        "type": "LineString",
        "coordinates": [
          [
            2.363979,
            48.867328
          ],
          [
            2.364154,
            48.867453
          ],
          [
            2.364237,
            48.867508
          ],
          [
            2.364317,
            48.867672
          ],
          [
            2.364352,
            48.867703
          ],
          [
            2.364358,
            48.867745
          ],
          [
            2.364195,
            48.867795
          ],
          [
            2.36424,
            48.867814
          ],
          [
            2.364274,
            48.867834
          ],
          [
            2.364377,
            48.867857
          ],
          [
            2.363434,
            48.868427
          ]
        ]
      }
    },
    {
      "type": "Feature",
      "properties": {
        "route_id": "05",
        "version": "05-v10-20261005",
        "name": "05_WC_Republique_vuelta",
        "distance_km": 0.178,
        "role": "wc_start_back",
        "on_ground_verified": false
      },
      "geometry": {
        "type": "LineString",
        "coordinates": [
          [
            2.363434,
            48.868427
          ],
          [
            2.364377,
            48.867857
          ],
          [
            2.364274,
            48.867834
          ],
          [
            2.36424,
            48.867814
          ],
          [
            2.364195,
            48.867795
          ],
          [
            2.364358,
            48.867745
          ],
          [
            2.364352,
            48.867703
          ],
          [
            2.364317,
            48.867672
          ],
          [
            2.364237,
            48.867508
          ],
          [
            2.364154,
            48.867453
          ],
          [
            2.363979,
            48.867328
          ]
        ]
      }
    },
    {
      "type": "Feature",
      "properties": {
        "route_id": "05",
        "version": "05-v10-20261005",
        "name": "05_WC_QuatreFils",
        "distance_km": 0.195,
        "role": "wc_marais",
        "on_ground_verified": false
      },
      "geometry": {
        "type": "LineString",
        "coordinates": [
          [
            2.361719,
            48.860542
          ],
          [
            2.361717,
            48.860532
          ],
          [
            2.361493,
            48.860404
          ],
          [
            2.360913,
            48.86008
          ],
          [
            2.360808,
            48.860023
          ],
          [
            2.360768,
            48.860045
          ],
          [
            2.360711,
            48.860075
          ],
          [
            2.360768,
            48.860045
          ],
          [
            2.360685,
            48.860001
          ],
          [
            2.360651,
            48.859984
          ],
          [
            2.360623,
            48.859969
          ],
          [
            2.3606,
            48.859957
          ],
          [
            2.360644,
            48.859929
          ],
          [
            2.359956,
            48.85951
          ],
          [
            2.359943,
            48.859501
          ]
        ]
      }
    },
    {
      "type": "Feature",
      "properties": {
        "route_id": "05",
        "version": "05-v10-20261005",
        "name": "05_WC_Pantheon_SaintMichel_Senat",
        "distance_km": 1.129,
        "role": "wc_pantheon_final",
        "on_ground_verified": false
      },
      "geometry": {
        "type": "LineString",
        "coordinates": [
          [
            2.345073,
            48.846295
          ],
          [
            2.344959,
            48.846074
          ],
          [
            2.344933,
            48.846079
          ],
          [
            2.344873,
            48.846064
          ],
          [
            2.344771,
            48.846039
          ],
          [
            2.344754,
            48.846034
          ],
          [
            2.344606,
            48.84623
          ],
          [
            2.344482,
            48.846389
          ],
          [
            2.344343,
            48.846475
          ],
          [
            2.343699,
            48.846617
          ],
          [
            2.343415,
            48.846682
          ],
          [
            2.343375,
            48.846691
          ],
          [
            2.343362,
            48.846693
          ],
          [
            2.343316,
            48.846703
          ],
          [
            2.343296,
            48.846708
          ],
          [
            2.343182,
            48.846735
          ],
          [
            2.343001,
            48.846776
          ],
          [
            2.34293,
            48.84679
          ],
          [
            2.342835,
            48.846811
          ],
          [
            2.342823,
            48.846813
          ],
          [
            2.342781,
            48.846823
          ],
          [
            2.342736,
            48.846833
          ],
          [
            2.342694,
            48.846824
          ],
          [
            2.342283,
            48.846913
          ],
          [
            2.341981,
            48.847
          ],
          [
            2.341955,
            48.847008
          ],
          [
            2.341942,
            48.847012
          ],
          [
            2.341895,
            48.847018
          ],
          [
            2.341841,
            48.847024
          ],
          [
            2.341824,
            48.847026
          ],
          [
            2.341798,
            48.847028
          ],
          [
            2.34137,
            48.847123
          ],
          [
            2.341115,
            48.847198
          ],
          [
            2.341019,
            48.847216
          ],
          [
            2.340944,
            48.847207
          ],
          [
            2.340899,
            48.847173
          ],
          [
            2.340841,
            48.847052
          ],
          [
            2.340803,
            48.846988
          ],
          [
            2.340829,
            48.846937
          ],
          [
            2.340821,
            48.846928
          ],
          [
            2.34078,
            48.846857
          ],
          [
            2.340764,
            48.84683
          ],
          [
            2.340753,
            48.84681
          ],
          [
            2.34073,
            48.84677
          ],
          [
            2.340709,
            48.846733
          ],
          [
            2.340699,
            48.846715
          ],
          [
            2.340685,
            48.84669
          ],
          [
            2.340622,
            48.846681
          ],
          [
            2.340621,
            48.846618
          ],
          [
            2.340534,
            48.846464
          ],
          [
            2.340508,
            48.846419
          ],
          [
            2.340487,
            48.846398
          ],
          [
            2.340431,
            48.846276
          ],
          [
            2.340421,
            48.846263
          ],
          [
            2.340402,
            48.846231
          ],
          [
            2.340384,
            48.846204
          ],
          [
            2.340377,
            48.846193
          ],
          [
            2.340322,
            48.846208
          ],
          [
            2.340229,
            48.846232
          ],
          [
            2.340155,
            48.846251
          ],
          [
            2.340129,
            48.846258
          ],
          [
            2.340076,
            48.846271
          ],
          [
            2.340014,
            48.846159
          ],
          [
            2.340076,
            48.846271
          ],
          [
            2.340129,
            48.846258
          ],
          [
            2.340155,
            48.846251
          ],
          [
            2.340229,
            48.846232
          ],
          [
            2.340254,
            48.846277
          ],
          [
            2.340281,
            48.846325
          ],
          [
            2.340505,
            48.846715
          ],
          [
            2.340533,
            48.846763
          ],
          [
            2.340565,
            48.846821
          ],
          [
            2.340633,
            48.84693
          ],
          [
            2.340855,
            48.847333
          ],
          [
            2.340883,
            48.847388
          ],
          [
            2.340982,
            48.847566
          ],
          [
            2.341101,
            48.847752
          ],
          [
            2.341019,
            48.847778
          ],
          [
            2.340966,
            48.847824
          ],
          [
            2.340488,
            48.848827
          ],
          [
            2.340459,
            48.848897
          ],
          [
            2.340392,
            48.848882
          ],
          [
            2.340361,
            48.848889
          ],
          [
            2.340169,
            48.848931
          ],
          [
            2.339893,
            48.848992
          ],
          [
            2.339161,
            48.849075
          ],
          [
            2.339035,
            48.849077
          ],
          [
            2.338871,
            48.849072
          ],
          [
            2.338694,
            48.849066
          ],
          [
            2.338601,
            48.849108
          ],
          [
            2.338428,
            48.849179
          ],
          [
            2.338338,
            48.849195
          ],
          [
            2.338347,
            48.849234
          ],
          [
            2.338347,
            48.849239
          ],
          [
            2.337899,
            48.849301
          ],
          [
            2.337898,
            48.84932
          ],
          [
            2.337883,
            48.849322
          ],
          [
            2.337848,
            48.849332
          ],
          [
            2.337812,
            48.849347
          ],
          [
            2.337776,
            48.849356
          ],
          [
            2.337761,
            48.849351
          ],
          [
            2.337725,
            48.84935
          ],
          [
            2.337473,
            48.849402
          ],
          [
            2.337427,
            48.849401
          ],
          [
            2.337323,
            48.849399
          ],
          [
            2.337203,
            48.849396
          ],
          [
            2.337178,
            48.849393
          ],
          [
            2.337161,
            48.849358
          ],
          [
            2.337162,
            48.849345
          ]
        ]
      }
    },
    {
      "type": "Feature",
      "properties": {
        "route_id": "05",
        "version": "05-v10-20261005",
        "name": "05_WC_SaintGermain",
        "distance_km": 0.842,
        "role": "wc_germain_final",
        "on_ground_verified": false
      },
      "geometry": {
        "type": "LineString",
        "coordinates": [
          [
            2.33531,
            48.855016
          ],
          [
            2.334863,
            48.855169
          ],
          [
            2.3348,
            48.85517
          ],
          [
            2.334373,
            48.855314
          ],
          [
            2.334044,
            48.855427
          ],
          [
            2.33401,
            48.855441
          ],
          [
            2.33398,
            48.855438
          ],
          [
            2.333842,
            48.854987
          ],
          [
            2.333703,
            48.854528
          ],
          [
            2.333691,
            48.854531
          ],
          [
            2.333651,
            48.85454
          ],
          [
            2.333606,
            48.854551
          ],
          [
            2.333592,
            48.854554
          ],
          [
            2.333574,
            48.854548
          ],
          [
            2.333574,
            48.854535
          ],
          [
            2.333562,
            48.854514
          ],
          [
            2.333549,
            48.854488
          ],
          [
            2.333538,
            48.854482
          ],
          [
            2.3334,
            48.854516
          ],
          [
            2.33324,
            48.854178
          ],
          [
            2.333223,
            48.854113
          ],
          [
            2.333163,
            48.853939
          ],
          [
            2.332916,
            48.853993
          ],
          [
            2.332895,
            48.85402
          ],
          [
            2.332814,
            48.854046
          ],
          [
            2.332761,
            48.85404
          ],
          [
            2.33274,
            48.854043
          ],
          [
            2.332703,
            48.85405
          ],
          [
            2.33268,
            48.854062
          ],
          [
            2.332043,
            48.85422
          ],
          [
            2.331582,
            48.854319
          ],
          [
            2.331088,
            48.85444
          ],
          [
            2.330992,
            48.854463
          ],
          [
            2.330739,
            48.854525
          ],
          [
            2.330598,
            48.854554
          ],
          [
            2.330637,
            48.854659
          ],
          [
            2.330637,
            48.854699
          ],
          [
            2.330705,
            48.854862
          ],
          [
            2.330779,
            48.854971
          ],
          [
            2.330742,
            48.854975
          ],
          [
            2.330706,
            48.854983
          ],
          [
            2.330668,
            48.854992
          ],
          [
            2.330654,
            48.854995
          ],
          [
            2.330699,
            48.85511
          ],
          [
            2.330676,
            48.855121
          ],
          [
            2.330478,
            48.855195
          ],
          [
            2.329869,
            48.85545
          ],
          [
            2.329855,
            48.855454
          ],
          [
            2.329843,
            48.855449
          ],
          [
            2.329839,
            48.855451
          ],
          [
            2.329812,
            48.855465
          ],
          [
            2.329786,
            48.85548
          ],
          [
            2.329775,
            48.855484
          ],
          [
            2.329903,
            48.85581
          ],
          [
            2.330253,
            48.856722
          ],
          [
            2.33027,
            48.856777
          ],
          [
            2.33026,
            48.856798
          ],
          [
            2.329909,
            48.856935
          ]
        ]
      }
    }
  ]
}