{
  "type": "FeatureCollection",
  "attribution": "© OpenStreetMap contributors, ODbL 1.0. https://www.openstreetmap.org/copyright",
  "features": [
    {
      "type": "Feature",
      "properties": {
        "route_id": "02",
        "point_id": "flamel",
        "label": "Fachada de Flamel, 51 rue de Montmorency",
        "role": "story",
        "status": "DONE",
        "route_version": "02-v10-20261004",
        "review_date": "2026-10-04"
      },
      "geometry": {
        "type": "Point",
        "coordinates": [
          2.35313,
          48.8636
        ]
      }
    },
    {
      "type": "Feature",
      "properties": {
        "route_id": "02",
        "point_id": "notre_dame",
        "label": "Parvis, frente a fachada occidental",
        "role": "story",
        "status": "DONE",
        "route_version": "02-v10-20261004",
        "review_date": "2026-10-04"
      },
      "geometry": {
        "type": "Point",
        "coordinates": [
          2.34875,
          48.85318
        ]
      }
    },
    {
      "type": "Feature",
      "properties": {
        "route_id": "02",
        "point_id": "medard_front",
        "label": "Saint-Médard, frente de Mouffetard/Daubenton",
        "role": "orientation",
        "status": "DONE",
        "route_version": "02-v10-20261004",
        "review_date": "2026-10-04"
      },
      "geometry": {
        "type": "Point",
        "coordinates": [
          2.34983,
          48.84009
        ]
      }
    },
    {
      "type": "Feature",
      "properties": {
        "route_id": "02",
        "point_id": "medard_chevet",
        "label": "Saint-Médard, vista oriental desde rue Censier",
        "role": "story",
        "status": "DONE",
        "route_version": "02-v10-20261004",
        "review_date": "2026-10-04"
      },
      "geometry": {
        "type": "Point",
        "coordinates": [
          2.35115,
          48.8399
        ]
      }
    },
    {
      "type": "Feature",
      "properties": {
        "route_id": "02",
        "section": "core",
        "distance_km": 3.136,
        "source": "Valhalla / OpenStreetMap",
        "on_ground_verified": false,
        "status": "DONE",
        "route_version": "02-v10-20261004",
        "review_date": "2026-10-04"
      },
      "geometry": {
        "type": "LineString",
        "coordinates": [
          [
            2.353132,
            48.863604
          ],
          [
            2.353389,
            48.863548
          ],
          [
            2.353958,
            48.86339
          ],
          [
            2.354471,
            48.863248
          ],
          [
            2.354536,
            48.86323
          ],
          [
            2.354551,
            48.863227
          ],
          [
            2.354514,
            48.863164
          ],
          [
            2.354367,
            48.862887
          ],
          [
            2.354313,
            48.862792
          ],
          [
            2.354278,
            48.862722
          ],
          [
            2.354237,
            48.862648
          ],
          [
            2.353908,
            48.862025
          ],
          [
            2.353781,
            48.861785
          ],
          [
            2.353769,
            48.861762
          ],
          [
            2.35369,
            48.861612
          ],
          [
            2.353606,
            48.861453
          ],
          [
            2.353513,
            48.861277
          ],
          [
            2.353487,
            48.861228
          ],
          [
            2.353453,
            48.861166
          ],
          [
            2.353436,
            48.861134
          ],
          [
            2.353274,
            48.860879
          ],
          [
            2.353203,
            48.860749
          ],
          [
            2.353171,
            48.860611
          ],
          [
            2.353054,
            48.860413
          ],
          [
            2.352985,
            48.860287
          ],
          [
            2.3528,
            48.859938
          ],
          [
            2.35276,
            48.859881
          ],
          [
            2.352705,
            48.859823
          ],
          [
            2.352592,
            48.859636
          ],
          [
            2.352564,
            48.859592
          ],
          [
            2.352136,
            48.858769
          ],
          [
            2.352099,
            48.858698
          ],
          [
            2.351939,
            48.858408
          ],
          [
            2.351908,
            48.858352
          ],
          [
            2.351879,
            48.858296
          ],
          [
            2.351537,
            48.85765
          ],
          [
            2.351519,
            48.857616
          ],
          [
            2.351506,
            48.857592
          ],
          [
            2.351475,
            48.857551
          ],
          [
            2.351417,
            48.857534
          ],
          [
            2.351423,
            48.85745
          ],
          [
            2.351411,
            48.857428
          ],
          [
            2.351401,
            48.85741
          ],
          [
            2.351128,
            48.856931
          ],
          [
            2.351008,
            48.856946
          ],
          [
            2.350988,
            48.856906
          ],
          [
            2.350945,
            48.856846
          ],
          [
            2.350907,
            48.85678
          ],
          [
            2.350894,
            48.856767
          ],
          [
            2.35087,
            48.856743
          ],
          [
            2.350909,
            48.856711
          ],
          [
            2.35091,
            48.856705
          ],
          [
            2.350801,
            48.856481
          ],
          [
            2.350793,
            48.856468
          ],
          [
            2.350787,
            48.856456
          ],
          [
            2.350663,
            48.856234
          ],
          [
            2.350634,
            48.856211
          ],
          [
            2.350593,
            48.856183
          ],
          [
            2.350589,
            48.856171
          ],
          [
            2.350566,
            48.856114
          ],
          [
            2.350539,
            48.856046
          ],
          [
            2.350521,
            48.856019
          ],
          [
            2.350651,
            48.855969
          ],
          [
            2.350678,
            48.855942
          ],
          [
            2.350707,
            48.855881
          ],
          [
            2.350717,
            48.855859
          ],
          [
            2.350711,
            48.855836
          ],
          [
            2.350231,
            48.85517
          ],
          [
            2.350223,
            48.85516
          ],
          [
            2.350212,
            48.855155
          ],
          [
            2.3502,
            48.855141
          ],
          [
            2.350169,
            48.855103
          ],
          [
            2.350142,
            48.855068
          ],
          [
            2.350135,
            48.855059
          ],
          [
            2.350112,
            48.855016
          ],
          [
            2.349634,
            48.854367
          ],
          [
            2.349668,
            48.854356
          ],
          [
            2.349719,
            48.85434
          ],
          [
            2.349207,
            48.853633
          ],
          [
            2.349194,
            48.853612
          ],
          [
            2.349154,
            48.853562
          ],
          [
            2.349148,
            48.853554
          ],
          [
            2.349069,
            48.853457
          ],
          [
            2.348886,
            48.853204
          ],
          [
            2.348847,
            48.85315
          ],
          [
            2.348782,
            48.85306
          ],
          [
            2.348763,
            48.853034
          ],
          [
            2.34857,
            48.852768
          ],
          [
            2.348553,
            48.852744
          ],
          [
            2.348487,
            48.85266
          ],
          [
            2.34839,
            48.852532
          ],
          [
            2.348333,
            48.852446
          ],
          [
            2.348326,
            48.852439
          ],
          [
            2.348311,
            48.852422
          ],
          [
            2.348302,
            48.852413
          ],
          [
            2.348292,
            48.852404
          ],
          [
            2.34828,
            48.852391
          ],
          [
            2.348238,
            48.852349
          ],
          [
            2.348192,
            48.852273
          ],
          [
            2.348122,
            48.852154
          ],
          [
            2.347972,
            48.851945
          ],
          [
            2.347936,
            48.851899
          ],
          [
            2.347831,
            48.851782
          ],
          [
            2.347766,
            48.851729
          ],
          [
            2.347694,
            48.851685
          ],
          [
            2.347764,
            48.851595
          ],
          [
            2.347956,
            48.851344
          ],
          [
            2.347981,
            48.851315
          ],
          [
            2.348191,
            48.851054
          ],
          [
            2.348199,
            48.851042
          ],
          [
            2.348342,
            48.850846
          ],
          [
            2.348396,
            48.850736
          ],
          [
            2.348602,
            48.850482
          ],
          [
            2.348618,
            48.850462
          ],
          [
            2.34869,
            48.850371
          ],
          [
            2.348773,
            48.850271
          ],
          [
            2.348844,
            48.850184
          ],
          [
            2.349005,
            48.849986
          ],
          [
            2.349106,
            48.849961
          ],
          [
            2.349234,
            48.84993
          ],
          [
            2.349179,
            48.849794
          ],
          [
            2.349179,
            48.849775
          ],
          [
            2.349225,
            48.849717
          ],
          [
            2.349266,
            48.849668
          ],
          [
            2.349311,
            48.849615
          ],
          [
            2.349475,
            48.849409
          ],
          [
            2.349708,
            48.84911
          ],
          [
            2.349835,
            48.848933
          ],
          [
            2.349949,
            48.84878
          ],
          [
            2.350126,
            48.848553
          ],
          [
            2.350271,
            48.848365
          ],
          [
            2.350302,
            48.848326
          ],
          [
            2.350505,
            48.848078
          ],
          [
            2.350679,
            48.847854
          ],
          [
            2.350713,
            48.84781
          ],
          [
            2.351239,
            48.84713
          ],
          [
            2.35136,
            48.846974
          ],
          [
            2.351523,
            48.846755
          ],
          [
            2.351554,
            48.846713
          ],
          [
            2.351635,
            48.846604
          ],
          [
            2.35172,
            48.846396
          ],
          [
            2.351744,
            48.846332
          ],
          [
            2.351765,
            48.846278
          ],
          [
            2.351781,
            48.846229
          ],
          [
            2.351876,
            48.845972
          ],
          [
            2.352187,
            48.845117
          ],
          [
            2.352371,
            48.844585
          ],
          [
            2.352408,
            48.844476
          ],
          [
            2.352362,
            48.844157
          ],
          [
            2.352336,
            48.84392
          ],
          [
            2.352325,
            48.843869
          ],
          [
            2.352317,
            48.843793
          ],
          [
            2.352305,
            48.843715
          ],
          [
            2.352298,
            48.843668
          ],
          [
            2.352293,
            48.843635
          ],
          [
            2.352227,
            48.84324
          ],
          [
            2.352217,
            48.843176
          ],
          [
            2.352189,
            48.843004
          ],
          [
            2.35217,
            48.842875
          ],
          [
            2.352153,
            48.842781
          ],
          [
            2.352137,
            48.84269
          ],
          [
            2.35212,
            48.84261
          ],
          [
            2.352053,
            48.84217
          ],
          [
            2.352041,
            48.842092
          ],
          [
            2.351993,
            48.841763
          ],
          [
            2.351986,
            48.841717
          ],
          [
            2.351979,
            48.84166
          ],
          [
            2.351967,
            48.841577
          ],
          [
            2.35196,
            48.841527
          ],
          [
            2.351882,
            48.841014
          ],
          [
            2.351875,
            48.840969
          ],
          [
            2.35186,
            48.840835
          ],
          [
            2.351847,
            48.840766
          ],
          [
            2.351826,
            48.840721
          ],
          [
            2.351816,
            48.840698
          ],
          [
            2.35177,
            48.840591
          ],
          [
            2.35171,
            48.84047
          ],
          [
            2.351564,
            48.840505
          ],
          [
            2.351494,
            48.840513
          ],
          [
            2.35146,
            48.840509
          ],
          [
            2.35143,
            48.840501
          ],
          [
            2.351142,
            48.840396
          ],
          [
            2.351042,
            48.840359
          ],
          [
            2.350935,
            48.840319
          ],
          [
            2.350889,
            48.840304
          ],
          [
            2.350678,
            48.840251
          ],
          [
            2.350523,
            48.840212
          ],
          [
            2.35049,
            48.840205
          ],
          [
            2.350453,
            48.840196
          ],
          [
            2.350104,
            48.840114
          ],
          [
            2.349823,
            48.84008
          ],
          [
            2.349846,
            48.840064
          ],
          [
            2.350118,
            48.840103
          ],
          [
            2.350497,
            48.840191
          ],
          [
            2.350686,
            48.840236
          ],
          [
            2.35083,
            48.840265
          ],
          [
            2.350868,
            48.840215
          ],
          [
            2.351075,
            48.839933
          ],
          [
            2.3511,
            48.839886
          ],
          [
            2.351128,
            48.839886
          ],
          [
            2.351143,
            48.839894
          ]
        ]
      }
    },
    {
      "type": "Feature",
      "properties": {
        "route_id": "21",
        "point_id": "stohrer",
        "label": "Stohrer, 51 rue Montorgueil",
        "role": "story"
      },
      "geometry": {
        "type": "Point",
        "coordinates": [
          2.34692,
          48.86525
        ]
      }
    },
    {
      "type": "Feature",
      "properties": {
        "route_id": "21",
        "point_id": "kayser",
        "label": "Kayser, 16 rue des Petits-Carreaux",
        "role": "story"
      },
      "geometry": {
        "type": "Point",
        "coordinates": [
          2.34728,
          48.86707
        ]
      }
    },
    {
      "type": "Feature",
      "properties": {
        "route_id": "21",
        "point_id": "chartier",
        "label": "Chartier, acceso del 7 rue du Faubourg Montmartre",
        "role": "story"
      },
      "geometry": {
        "type": "Point",
        "coordinates": [
          2.34296,
          48.87194
        ]
      }
    },
    {
      "type": "Feature",
      "properties": {
        "route_id": "21",
        "section": "core",
        "distance_km": 0.971,
        "source": "Valhalla / OpenStreetMap",
        "on_ground_verified": false
      },
      "geometry": {
        "type": "LineString",
        "coordinates": [
          [
            2.346922,
            48.86525
          ],
          [
            2.346991,
            48.865533
          ],
          [
            2.347018,
            48.86567
          ],
          [
            2.347062,
            48.865851
          ],
          [
            2.347153,
            48.866344
          ],
          [
            2.34728,
            48.86707
          ],
          [
            2.347303,
            48.867203
          ],
          [
            2.347309,
            48.867238
          ],
          [
            2.347318,
            48.86729
          ],
          [
            2.347326,
            48.867349
          ],
          [
            2.347304,
            48.867354
          ],
          [
            2.347193,
            48.867378
          ],
          [
            2.347115,
            48.867394
          ],
          [
            2.346621,
            48.867501
          ],
          [
            2.346502,
            48.867526
          ],
          [
            2.346338,
            48.867562
          ],
          [
            2.346113,
            48.86761
          ],
          [
            2.346067,
            48.86762
          ],
          [
            2.345656,
            48.867708
          ],
          [
            2.345472,
            48.867753
          ],
          [
            2.34534,
            48.867778
          ],
          [
            2.345211,
            48.867804
          ],
          [
            2.344272,
            48.868007
          ],
          [
            2.343734,
            48.868122
          ],
          [
            2.343602,
            48.868151
          ],
          [
            2.343582,
            48.868211
          ],
          [
            2.343565,
            48.868267
          ],
          [
            2.343499,
            48.868425
          ],
          [
            2.343433,
            48.868583
          ],
          [
            2.343416,
            48.868622
          ],
          [
            2.343351,
            48.868776
          ],
          [
            2.34327,
            48.868956
          ],
          [
            2.343178,
            48.869143
          ],
          [
            2.342878,
            48.869759
          ],
          [
            2.342851,
            48.869814
          ],
          [
            2.342796,
            48.869927
          ],
          [
            2.342751,
            48.870028
          ],
          [
            2.34272,
            48.870151
          ],
          [
            2.342699,
            48.870231
          ],
          [
            2.34269,
            48.870294
          ],
          [
            2.34273,
            48.870472
          ],
          [
            2.342791,
            48.870658
          ],
          [
            2.34284,
            48.870792
          ],
          [
            2.342861,
            48.870859
          ],
          [
            2.343009,
            48.871315
          ],
          [
            2.343026,
            48.871362
          ],
          [
            2.34305,
            48.871429
          ],
          [
            2.343068,
            48.871482
          ],
          [
            2.343082,
            48.871552
          ],
          [
            2.343096,
            48.871611
          ],
          [
            2.343011,
            48.871625
          ],
          [
            2.34299,
            48.871637
          ],
          [
            2.343003,
            48.871643
          ],
          [
            2.343011,
            48.871652
          ],
          [
            2.343024,
            48.871681
          ],
          [
            2.343081,
            48.871952
          ],
          [
            2.343057,
            48.871953
          ],
          [
            2.342964,
            48.871961
          ]
        ]
      }
    },
    {
      "type": "Feature",
      "properties": {
        "route_id": "22",
        "point_id": "lyon_stairs",
        "label": "Pie de escaleras, rue de Lyon",
        "role": "entry"
      },
      "geometry": {
        "type": "Point",
        "coordinates": [
          2.3711588,
          48.8495863
        ]
      }
    },
    {
      "type": "Feature",
      "properties": {
        "route_id": "22",
        "point_id": "reuilly",
        "label": "Pasarela André-Léo, sobre jardín de Reuilly",
        "role": "story"
      },
      "geometry": {
        "type": "Point",
        "coordinates": [
          2.387501,
          48.842302
        ]
      }
    },
    {
      "type": "Feature",
      "properties": {
        "route_id": "22",
        "point_id": "sahel",
        "label": "Sendero de la trinchera, tramo de Sahel",
        "role": "story"
      },
      "geometry": {
        "type": "Point",
        "coordinates": [
          2.3964213,
          48.8411999
        ]
      }
    },
    {
      "type": "Feature",
      "properties": {
        "route_id": "22",
        "point_id": "lartet_gate",
        "label": "Puerta oriental hacia Édouard-Lartet",
        "role": "gate"
      },
      "geometry": {
        "type": "Point",
        "coordinates": [
          2.4124373,
          48.8410708
        ]
      }
    },
    {
      "type": "Feature",
      "properties": {
        "route_id": "22",
        "point_id": "lartet_exit",
        "label": "Fuera del recinto, salida Édouard-Lartet",
        "role": "exit"
      },
      "geometry": {
        "type": "Point",
        "coordinates": [
          2.4131125,
          48.8411992
        ]
      }
    },
    {
      "type": "Feature",
      "properties": {
        "route_id": "22",
        "section": "core",
        "distance_km": 3.435,
        "source": "Valhalla / OpenStreetMap",
        "on_ground_verified": false
      },
      "geometry": {
        "type": "LineString",
        "coordinates": [
          [
            2.371159,
            48.849586
          ],
          [
            2.371114,
            48.849633
          ],
          [
            2.371241,
            48.849685
          ],
          [
            2.371335,
            48.84959
          ],
          [
            2.371444,
            48.849494
          ],
          [
            2.371577,
            48.849389
          ],
          [
            2.371738,
            48.849288
          ],
          [
            2.372052,
            48.849131
          ],
          [
            2.37217,
            48.849072
          ],
          [
            2.372182,
            48.849066
          ],
          [
            2.372486,
            48.848919
          ],
          [
            2.372626,
            48.84885
          ],
          [
            2.372962,
            48.848688
          ],
          [
            2.373432,
            48.848458
          ],
          [
            2.373901,
            48.848223
          ],
          [
            2.374027,
            48.848164
          ],
          [
            2.375325,
            48.84754
          ],
          [
            2.375505,
            48.847454
          ],
          [
            2.375722,
            48.847351
          ],
          [
            2.376325,
            48.847067
          ],
          [
            2.376369,
            48.847046
          ],
          [
            2.376849,
            48.846813
          ],
          [
            2.376879,
            48.846799
          ],
          [
            2.377,
            48.846742
          ],
          [
            2.377506,
            48.846497
          ],
          [
            2.377613,
            48.846444
          ],
          [
            2.378095,
            48.84621
          ],
          [
            2.379638,
            48.845461
          ],
          [
            2.381701,
            48.844472
          ],
          [
            2.381814,
            48.844446
          ],
          [
            2.381979,
            48.844373
          ],
          [
            2.382285,
            48.844226
          ],
          [
            2.382571,
            48.844092
          ],
          [
            2.382577,
            48.844032
          ],
          [
            2.382599,
            48.844012
          ],
          [
            2.382993,
            48.843825
          ],
          [
            2.383097,
            48.84384
          ],
          [
            2.383243,
            48.843772
          ],
          [
            2.383363,
            48.843716
          ],
          [
            2.383392,
            48.843701
          ],
          [
            2.383466,
            48.843665
          ],
          [
            2.38377,
            48.843513
          ],
          [
            2.383721,
            48.84347
          ],
          [
            2.384219,
            48.843233
          ],
          [
            2.384722,
            48.842991
          ],
          [
            2.384769,
            48.843033
          ],
          [
            2.385119,
            48.842856
          ],
          [
            2.385209,
            48.842815
          ],
          [
            2.385363,
            48.842781
          ],
          [
            2.385781,
            48.842689
          ],
          [
            2.386171,
            48.842613
          ],
          [
            2.386806,
            48.842464
          ],
          [
            2.387001,
            48.842418
          ],
          [
            2.387357,
            48.842334
          ],
          [
            2.387501,
            48.842302
          ],
          [
            2.388428,
            48.842097
          ],
          [
            2.388452,
            48.842093
          ],
          [
            2.388592,
            48.842059
          ],
          [
            2.389353,
            48.841887
          ],
          [
            2.38937,
            48.841884
          ],
          [
            2.389407,
            48.841876
          ],
          [
            2.38945,
            48.841867
          ],
          [
            2.389487,
            48.84186
          ],
          [
            2.389477,
            48.841836
          ],
          [
            2.389493,
            48.841832
          ],
          [
            2.390308,
            48.84165
          ],
          [
            2.391239,
            48.841442
          ],
          [
            2.392071,
            48.841256
          ],
          [
            2.392667,
            48.841123
          ],
          [
            2.392702,
            48.841115
          ],
          [
            2.392714,
            48.841142
          ],
          [
            2.39276,
            48.841132
          ],
          [
            2.392805,
            48.841122
          ],
          [
            2.39285,
            48.841112
          ],
          [
            2.392896,
            48.841105
          ],
          [
            2.392955,
            48.841096
          ],
          [
            2.392968,
            48.841109
          ],
          [
            2.392986,
            48.841119
          ],
          [
            2.393009,
            48.841125
          ],
          [
            2.393033,
            48.841126
          ],
          [
            2.393056,
            48.841122
          ],
          [
            2.393076,
            48.841112
          ],
          [
            2.393091,
            48.8411
          ],
          [
            2.393098,
            48.841084
          ],
          [
            2.393098,
            48.841069
          ],
          [
            2.393094,
            48.841061
          ],
          [
            2.393306,
            48.841009
          ],
          [
            2.393598,
            48.841024
          ],
          [
            2.393628,
            48.841025
          ],
          [
            2.393642,
            48.841026
          ],
          [
            2.39391,
            48.841044
          ],
          [
            2.395278,
            48.841134
          ],
          [
            2.395484,
            48.841144
          ],
          [
            2.395655,
            48.841152
          ],
          [
            2.395932,
            48.84122
          ],
          [
            2.396421,
            48.8412
          ],
          [
            2.396588,
            48.84117
          ],
          [
            2.396766,
            48.841201
          ],
          [
            2.398497,
            48.841135
          ],
          [
            2.398677,
            48.841128
          ],
          [
            2.39898,
            48.841126
          ],
          [
            2.399385,
            48.841116
          ],
          [
            2.399691,
            48.841102
          ],
          [
            2.400505,
            48.841064
          ],
          [
            2.401106,
            48.841028
          ],
          [
            2.401283,
            48.841006
          ],
          [
            2.40143,
            48.841044
          ],
          [
            2.40157,
            48.841038
          ],
          [
            2.401724,
            48.840987
          ],
          [
            2.402269,
            48.840966
          ],
          [
            2.402291,
            48.840965
          ],
          [
            2.402297,
            48.840979
          ],
          [
            2.402309,
            48.840991
          ],
          [
            2.402326,
            48.840999
          ],
          [
            2.402347,
            48.841004
          ],
          [
            2.402368,
            48.841004
          ],
          [
            2.402389,
            48.840999
          ],
          [
            2.402401,
            48.840993
          ],
          [
            2.402411,
            48.840986
          ],
          [
            2.402455,
            48.840984
          ],
          [
            2.403075,
            48.84093
          ],
          [
            2.404369,
            48.840819
          ],
          [
            2.404488,
            48.840809
          ],
          [
            2.404541,
            48.840763
          ],
          [
            2.404588,
            48.840758
          ],
          [
            2.404654,
            48.840751
          ],
          [
            2.404717,
            48.840744
          ],
          [
            2.404753,
            48.84074
          ],
          [
            2.404798,
            48.84077
          ],
          [
            2.40482,
            48.840768
          ],
          [
            2.405388,
            48.840735
          ],
          [
            2.40612,
            48.840674
          ],
          [
            2.407376,
            48.840575
          ],
          [
            2.407531,
            48.840552
          ],
          [
            2.40761,
            48.84054
          ],
          [
            2.407921,
            48.840531
          ],
          [
            2.407976,
            48.840532
          ],
          [
            2.408442,
            48.840536
          ],
          [
            2.408805,
            48.840544
          ],
          [
            2.409818,
            48.84056
          ],
          [
            2.410118,
            48.840565
          ],
          [
            2.41025,
            48.840571
          ],
          [
            2.410411,
            48.84059
          ],
          [
            2.411268,
            48.840707
          ],
          [
            2.411669,
            48.840763
          ],
          [
            2.411969,
            48.840814
          ],
          [
            2.4121,
            48.840904
          ],
          [
            2.412161,
            48.840934
          ],
          [
            2.412437,
            48.841071
          ],
          [
            2.412437,
            48.841071
          ],
          [
            2.412462,
            48.841082
          ],
          [
            2.413112,
            48.841199
          ],
          [
            2.413112,
            48.841199
          ]
        ]
      }
    },
    {
      "type": "Feature",
      "properties": {
        "route_id": "22",
        "section": "Bastille → entrada por rue de Lyon",
        "distance_km": 0.396,
        "source": "Valhalla / OpenStreetMap",
        "on_ground_verified": false
      },
      "geometry": {
        "type": "LineString",
        "coordinates": [
          [
            2.369068,
            48.852417
          ],
          [
            2.36929,
            48.852397
          ],
          [
            2.369332,
            48.852402
          ],
          [
            2.369449,
            48.852418
          ],
          [
            2.369538,
            48.85243
          ],
          [
            2.369596,
            48.852453
          ],
          [
            2.36963,
            48.852402
          ],
          [
            2.369696,
            48.852202
          ],
          [
            2.369738,
            48.852172
          ],
          [
            2.369863,
            48.851983
          ],
          [
            2.369898,
            48.851914
          ],
          [
            2.36991,
            48.851891
          ],
          [
            2.370083,
            48.851458
          ],
          [
            2.370198,
            48.851201
          ],
          [
            2.370281,
            48.850982
          ],
          [
            2.370652,
            48.850178
          ],
          [
            2.370725,
            48.850047
          ],
          [
            2.370807,
            48.849912
          ],
          [
            2.371042,
            48.849652
          ],
          [
            2.371066,
            48.849627
          ],
          [
            2.371182,
            48.849526
          ],
          [
            2.371175,
            48.84957
          ],
          [
            2.371159,
            48.849586
          ]
        ]
      }
    },
    {
      "type": "Feature",
      "properties": {
        "route_id": "22",
        "section": "Salida → acceso al andén de Montempoivre T3a",
        "distance_km": 0.379,
        "source": "Valhalla / OpenStreetMap",
        "on_ground_verified": false
      },
      "geometry": {
        "type": "LineString",
        "coordinates": [
          [
            2.413112,
            48.841199
          ],
          [
            2.413112,
            48.841199
          ],
          [
            2.412462,
            48.841082
          ],
          [
            2.41245,
            48.841106
          ],
          [
            2.412438,
            48.841129
          ],
          [
            2.412402,
            48.841198
          ],
          [
            2.412097,
            48.841114
          ],
          [
            2.411647,
            48.84105
          ],
          [
            2.411449,
            48.841043
          ],
          [
            2.411311,
            48.841027
          ],
          [
            2.411144,
            48.840975
          ],
          [
            2.410845,
            48.840861
          ],
          [
            2.410725,
            48.840825
          ],
          [
            2.410572,
            48.840792
          ],
          [
            2.410242,
            48.840755
          ],
          [
            2.40959,
            48.840715
          ],
          [
            2.409394,
            48.84067
          ],
          [
            2.409354,
            48.840661
          ],
          [
            2.409244,
            48.840636
          ],
          [
            2.409224,
            48.840576
          ],
          [
            2.409196,
            48.840489
          ],
          [
            2.409157,
            48.840375
          ],
          [
            2.409121,
            48.840178
          ],
          [
            2.409108,
            48.840139
          ],
          [
            2.409071,
            48.840145
          ],
          [
            2.409035,
            48.84015
          ],
          [
            2.409003,
            48.840057
          ]
        ]
      }
    },
    {
      "type": "Feature",
      "properties": {
        "route_id": "02",
        "track_id": "rambuteau4_to_flamel",
        "section": "approach",
        "distance_km": 0.176,
        "route_version": "02-v10-20261004",
        "source": "Valhalla / OpenStreetMap",
        "on_ground_verified": false,
        "dataset": "rambuteau4_to_flamel",
        "status": "DONE",
        "review_date": "2026-10-04"
      },
      "geometry": {
        "type": "LineString",
        "coordinates": [
          [
            2.354093,
            48.862618
          ],
          [
            2.354129,
            48.862674
          ],
          [
            2.354159,
            48.862722
          ],
          [
            2.354171,
            48.862743
          ],
          [
            2.354186,
            48.86277
          ],
          [
            2.354193,
            48.862781
          ],
          [
            2.354213,
            48.86282
          ],
          [
            2.354425,
            48.863189
          ],
          [
            2.354442,
            48.863217
          ],
          [
            2.354376,
            48.86325
          ],
          [
            2.353886,
            48.863384
          ],
          [
            2.353296,
            48.863552
          ],
          [
            2.353125,
            48.863589
          ],
          [
            2.353125,
            48.863589
          ]
        ]
      }
    },
    {
      "type": "Feature",
      "properties": {
        "route_id": "02",
        "track_id": "rambuteau1_to_flamel",
        "section": "approach",
        "distance_km": 0.318,
        "route_version": "02-v10-20261004",
        "source": "Valhalla / OpenStreetMap",
        "on_ground_verified": false,
        "dataset": "rambuteau1_to_flamel",
        "status": "DONE",
        "review_date": "2026-10-04"
      },
      "geometry": {
        "type": "LineString",
        "coordinates": [
          [
            2.353482,
            48.861404
          ],
          [
            2.353484,
            48.861407
          ],
          [
            2.353503,
            48.861476
          ],
          [
            2.353566,
            48.861586
          ],
          [
            2.353594,
            48.861633
          ],
          [
            2.353622,
            48.861688
          ],
          [
            2.353674,
            48.861784
          ],
          [
            2.353815,
            48.862049
          ],
          [
            2.354069,
            48.862528
          ],
          [
            2.354071,
            48.862584
          ],
          [
            2.354093,
            48.862618
          ],
          [
            2.354129,
            48.862674
          ],
          [
            2.354159,
            48.862722
          ],
          [
            2.354171,
            48.862743
          ],
          [
            2.354186,
            48.86277
          ],
          [
            2.354193,
            48.862781
          ],
          [
            2.354213,
            48.86282
          ],
          [
            2.354425,
            48.863189
          ],
          [
            2.354442,
            48.863217
          ],
          [
            2.354376,
            48.86325
          ],
          [
            2.353886,
            48.863384
          ],
          [
            2.353296,
            48.863552
          ],
          [
            2.353125,
            48.863589
          ],
          [
            2.353125,
            48.863589
          ]
        ]
      }
    },
    {
      "type": "Feature",
      "properties": {
        "route_id": "02",
        "track_id": "chevet_to_metro",
        "section": "exit",
        "distance_km": 0.076,
        "route_version": "02-v10-20261004",
        "source": "Valhalla / OpenStreetMap",
        "on_ground_verified": false,
        "dataset": "chevet_to_metro",
        "status": "DONE",
        "review_date": "2026-10-04"
      },
      "geometry": {
        "type": "LineString",
        "coordinates": [
          [
            2.351143,
            48.839894
          ],
          [
            2.351184,
            48.839918
          ],
          [
            2.351206,
            48.83993
          ],
          [
            2.35122,
            48.839941
          ],
          [
            2.351285,
            48.839944
          ],
          [
            2.351318,
            48.839962
          ],
          [
            2.351432,
            48.840172
          ],
          [
            2.351527,
            48.840319
          ],
          [
            2.351553,
            48.840392
          ],
          [
            2.351474,
            48.840438
          ],
          [
            2.351475,
            48.840454
          ]
        ]
      }
    },
    {
      "type": "Feature",
      "properties": {
        "route_id": "02",
        "track_id": "medard_front_to_metro",
        "section": "exit",
        "distance_km": 0.136,
        "route_version": "02-v10-20261004",
        "source": "Valhalla / OpenStreetMap",
        "on_ground_verified": false,
        "dataset": "medard_front_to_metro",
        "status": "DONE",
        "review_date": "2026-10-04"
      },
      "geometry": {
        "type": "LineString",
        "coordinates": [
          [
            2.349823,
            48.84008
          ],
          [
            2.349846,
            48.840064
          ],
          [
            2.350118,
            48.840103
          ],
          [
            2.350497,
            48.840191
          ],
          [
            2.350686,
            48.840236
          ],
          [
            2.35083,
            48.840265
          ],
          [
            2.350868,
            48.840215
          ],
          [
            2.350914,
            48.84023
          ],
          [
            2.350939,
            48.840239
          ],
          [
            2.350968,
            48.840249
          ],
          [
            2.35099,
            48.840252
          ],
          [
            2.351084,
            48.840316
          ],
          [
            2.351475,
            48.840454
          ]
        ]
      }
    },
    {
      "type": "Feature",
      "properties": {
        "route_id": "02",
        "track_id": "chevet_to_buffon",
        "section": "refuge",
        "distance_km": 0.91,
        "route_version": "02-v10-20261004",
        "source": "Valhalla / OpenStreetMap",
        "on_ground_verified": false,
        "dataset": "chevet_to_buffon",
        "status": "DONE",
        "review_date": "2026-10-04"
      },
      "geometry": {
        "type": "LineString",
        "coordinates": [
          [
            2.351143,
            48.839894
          ],
          [
            2.351184,
            48.839918
          ],
          [
            2.351206,
            48.83993
          ],
          [
            2.35122,
            48.839941
          ],
          [
            2.351285,
            48.839944
          ],
          [
            2.351318,
            48.839962
          ],
          [
            2.351432,
            48.840172
          ],
          [
            2.351459,
            48.840165
          ],
          [
            2.351536,
            48.840145
          ],
          [
            2.351611,
            48.840125
          ],
          [
            2.35164,
            48.840118
          ],
          [
            2.351644,
            48.840095
          ],
          [
            2.351665,
            48.840101
          ],
          [
            2.351734,
            48.840129
          ],
          [
            2.351992,
            48.840237
          ],
          [
            2.352166,
            48.840331
          ],
          [
            2.352627,
            48.840525
          ],
          [
            2.352635,
            48.840542
          ],
          [
            2.352626,
            48.840579
          ],
          [
            2.352648,
            48.84059
          ],
          [
            2.352694,
            48.840661
          ],
          [
            2.352721,
            48.840698
          ],
          [
            2.352724,
            48.840723
          ],
          [
            2.352773,
            48.840735
          ],
          [
            2.352799,
            48.840729
          ],
          [
            2.352872,
            48.84071
          ],
          [
            2.352952,
            48.840688
          ],
          [
            2.352972,
            48.840683
          ],
          [
            2.35299,
            48.840655
          ],
          [
            2.353292,
            48.840579
          ],
          [
            2.353372,
            48.840583
          ],
          [
            2.353855,
            48.840705
          ],
          [
            2.354711,
            48.840928
          ],
          [
            2.354735,
            48.840933
          ],
          [
            2.354821,
            48.840954
          ],
          [
            2.354895,
            48.840972
          ],
          [
            2.354909,
            48.840975
          ],
          [
            2.354928,
            48.840975
          ],
          [
            2.355736,
            48.841187
          ],
          [
            2.355811,
            48.841278
          ],
          [
            2.355828,
            48.841286
          ],
          [
            2.355914,
            48.841323
          ],
          [
            2.355988,
            48.841354
          ],
          [
            2.356007,
            48.841357
          ],
          [
            2.356037,
            48.841326
          ],
          [
            2.356091,
            48.841271
          ],
          [
            2.356447,
            48.841333
          ],
          [
            2.357167,
            48.841528
          ],
          [
            2.357766,
            48.841685
          ],
          [
            2.359081,
            48.842024
          ],
          [
            2.359516,
            48.842137
          ],
          [
            2.361368,
            48.842612
          ],
          [
            2.361368,
            48.842604
          ],
          [
            2.361379,
            48.842585
          ],
          [
            2.361392,
            48.842564
          ],
          [
            2.3614,
            48.842549
          ],
          [
            2.361512,
            48.842519
          ],
          [
            2.361863,
            48.842608
          ]
        ]
      }
    },
    {
      "type": "Feature",
      "properties": {
        "route_id": "02",
        "track_id": "chapel_out_and_back",
        "section": "optional",
        "distance_km": 0.789,
        "route_version": "02-v10-20261004",
        "source": "Valhalla / OpenStreetMap",
        "on_ground_verified": false,
        "dataset": "chapel_out_and_back",
        "status": "DONE",
        "review_date": "2026-10-04"
      },
      "geometry": {
        "type": "LineString",
        "coordinates": [
          [
            2.348847,
            48.85315
          ],
          [
            2.348782,
            48.85306
          ],
          [
            2.348763,
            48.853034
          ],
          [
            2.348114,
            48.853246
          ],
          [
            2.347718,
            48.85337
          ],
          [
            2.347546,
            48.853466
          ],
          [
            2.347421,
            48.853504
          ],
          [
            2.347242,
            48.853519
          ],
          [
            2.347218,
            48.853515
          ],
          [
            2.3472,
            48.853501
          ],
          [
            2.347168,
            48.853447
          ],
          [
            2.34713,
            48.853456
          ],
          [
            2.347049,
            48.853476
          ],
          [
            2.347114,
            48.853592
          ],
          [
            2.346994,
            48.853615
          ],
          [
            2.346818,
            48.853676
          ],
          [
            2.34504,
            48.854295
          ],
          [
            2.34492,
            48.854336
          ],
          [
            2.345,
            48.854419
          ],
          [
            2.344927,
            48.854451
          ],
          [
            2.344903,
            48.85446
          ],
          [
            2.34486,
            48.854478
          ],
          [
            2.345007,
            48.85462
          ],
          [
            2.34486,
            48.854478
          ],
          [
            2.344903,
            48.85446
          ],
          [
            2.344927,
            48.854451
          ],
          [
            2.345,
            48.854419
          ],
          [
            2.345082,
            48.854383
          ],
          [
            2.345111,
            48.854371
          ],
          [
            2.345098,
            48.854355
          ],
          [
            2.34504,
            48.854295
          ],
          [
            2.346818,
            48.853676
          ],
          [
            2.346994,
            48.853615
          ],
          [
            2.347114,
            48.853592
          ],
          [
            2.347049,
            48.853476
          ],
          [
            2.34713,
            48.853456
          ],
          [
            2.347168,
            48.853447
          ],
          [
            2.3472,
            48.853501
          ],
          [
            2.347218,
            48.853515
          ],
          [
            2.347242,
            48.853519
          ],
          [
            2.347421,
            48.853504
          ],
          [
            2.347546,
            48.853466
          ],
          [
            2.347718,
            48.85337
          ],
          [
            2.348114,
            48.853246
          ],
          [
            2.348763,
            48.853034
          ],
          [
            2.348782,
            48.85306
          ],
          [
            2.348847,
            48.85315
          ]
        ]
      }
    },
    {
      "type": "Feature",
      "properties": {
        "route_id": "02",
        "track_id": "parvis_to_bus47",
        "section": "transit_connector",
        "distance_km": 0.292,
        "route_version": "02-v10-20261004",
        "source": "Valhalla / OpenStreetMap",
        "on_ground_verified": false,
        "dataset": "parvis_to_bus47",
        "status": "DONE",
        "review_date": "2026-10-04"
      },
      "geometry": {
        "type": "LineString",
        "coordinates": [
          [
            2.348847,
            48.85315
          ],
          [
            2.348886,
            48.853204
          ],
          [
            2.349069,
            48.853457
          ],
          [
            2.34898,
            48.853485
          ],
          [
            2.347849,
            48.853842
          ],
          [
            2.347823,
            48.853849
          ],
          [
            2.34778,
            48.85383
          ],
          [
            2.347764,
            48.853835
          ],
          [
            2.347713,
            48.853851
          ],
          [
            2.347667,
            48.853866
          ],
          [
            2.347591,
            48.853892
          ],
          [
            2.347558,
            48.853907
          ],
          [
            2.347471,
            48.853978
          ],
          [
            2.347481,
            48.854009
          ],
          [
            2.347489,
            48.854038
          ],
          [
            2.347497,
            48.854062
          ],
          [
            2.347515,
            48.854109
          ],
          [
            2.347548,
            48.854174
          ],
          [
            2.347564,
            48.854205
          ],
          [
            2.347545,
            48.85421
          ],
          [
            2.347479,
            48.854227
          ],
          [
            2.347413,
            48.854243
          ],
          [
            2.347385,
            48.85425
          ],
          [
            2.34762,
            48.854657
          ],
          [
            2.347643,
            48.854734
          ],
          [
            2.34776,
            48.85493
          ]
        ]
      }
    },
    {
      "type": "Feature",
      "properties": {
        "route_id": "02",
        "track_id": "bus47_to_medard",
        "section": "transit_connector",
        "distance_km": 0.284,
        "route_version": "02-v10-20261004",
        "source": "Valhalla / OpenStreetMap",
        "on_ground_verified": false,
        "dataset": "bus47_to_medard",
        "status": "DONE",
        "review_date": "2026-10-04"
      },
      "geometry": {
        "type": "LineString",
        "coordinates": [
          [
            2.351611,
            48.840663
          ],
          [
            2.351585,
            48.840641
          ],
          [
            2.351546,
            48.840578
          ],
          [
            2.351566,
            48.840533
          ],
          [
            2.351564,
            48.840505
          ],
          [
            2.351494,
            48.840513
          ],
          [
            2.35146,
            48.840509
          ],
          [
            2.35143,
            48.840501
          ],
          [
            2.351142,
            48.840396
          ],
          [
            2.351042,
            48.840359
          ],
          [
            2.350935,
            48.840319
          ],
          [
            2.350889,
            48.840304
          ],
          [
            2.350678,
            48.840251
          ],
          [
            2.350523,
            48.840212
          ],
          [
            2.35049,
            48.840205
          ],
          [
            2.350453,
            48.840196
          ],
          [
            2.350104,
            48.840114
          ],
          [
            2.349823,
            48.84008
          ],
          [
            2.349846,
            48.840064
          ],
          [
            2.350118,
            48.840103
          ],
          [
            2.350497,
            48.840191
          ],
          [
            2.350686,
            48.840236
          ],
          [
            2.35083,
            48.840265
          ],
          [
            2.350868,
            48.840215
          ],
          [
            2.351075,
            48.839933
          ],
          [
            2.3511,
            48.839886
          ],
          [
            2.351128,
            48.839886
          ],
          [
            2.351143,
            48.839894
          ]
        ]
      }
    },
    {
      "type": "Feature",
      "properties": {
        "route_id": "02",
        "track_id": "parvis_to_cite_metro_surface",
        "section": "exit",
        "distance_km": 0.528,
        "route_version": "02-v10-20261004",
        "source": "Valhalla / OpenStreetMap",
        "on_ground_verified": false,
        "dataset": "parvis_to_cite_metro_surface",
        "status": "DONE",
        "review_date": "2026-10-04"
      },
      "geometry": {
        "type": "LineString",
        "coordinates": [
          [
            2.348847,
            48.85315
          ],
          [
            2.348886,
            48.853204
          ],
          [
            2.349069,
            48.853457
          ],
          [
            2.34898,
            48.853485
          ],
          [
            2.347849,
            48.853842
          ],
          [
            2.347823,
            48.853849
          ],
          [
            2.34778,
            48.85383
          ],
          [
            2.347764,
            48.853835
          ],
          [
            2.347713,
            48.853851
          ],
          [
            2.347667,
            48.853866
          ],
          [
            2.347591,
            48.853892
          ],
          [
            2.347558,
            48.853907
          ],
          [
            2.347471,
            48.853978
          ],
          [
            2.347481,
            48.854009
          ],
          [
            2.347489,
            48.854038
          ],
          [
            2.347497,
            48.854062
          ],
          [
            2.347515,
            48.854109
          ],
          [
            2.347548,
            48.854174
          ],
          [
            2.347564,
            48.854205
          ],
          [
            2.347597,
            48.85426
          ],
          [
            2.347647,
            48.854342
          ],
          [
            2.347731,
            48.85444
          ],
          [
            2.347755,
            48.854481
          ],
          [
            2.348132,
            48.855134
          ],
          [
            2.348387,
            48.855574
          ],
          [
            2.348362,
            48.85558
          ],
          [
            2.348296,
            48.855596
          ],
          [
            2.348207,
            48.85562
          ],
          [
            2.348175,
            48.855629
          ],
          [
            2.348176,
            48.855644
          ],
          [
            2.348106,
            48.855664
          ],
          [
            2.347983,
            48.855695
          ],
          [
            2.347964,
            48.8557
          ],
          [
            2.347944,
            48.855705
          ],
          [
            2.347833,
            48.855735
          ],
          [
            2.347761,
            48.855758
          ],
          [
            2.347729,
            48.855772
          ],
          [
            2.347713,
            48.855777
          ],
          [
            2.347692,
            48.855782
          ],
          [
            2.347663,
            48.855795
          ],
          [
            2.347563,
            48.855822
          ],
          [
            2.347546,
            48.855794
          ],
          [
            2.347468,
            48.855668
          ],
          [
            2.347417,
            48.855588
          ],
          [
            2.347407,
            48.855573
          ],
          [
            2.347225,
            48.855279
          ],
          [
            2.347206,
            48.855246
          ],
          [
            2.347174,
            48.855255
          ],
          [
            2.347129,
            48.855267
          ],
          [
            2.347106,
            48.855231
          ],
          [
            2.347088,
            48.855203
          ],
          [
            2.346996,
            48.855076
          ]
        ]
      }
    },
    {
      "type": "Feature",
      "properties": {
        "route_id": "02",
        "track_id": "flamel_to_medard_without_parvis",
        "section": "variant",
        "distance_km": 3.792,
        "route_version": "02-v10-20261004",
        "source": "Valhalla / OpenStreetMap",
        "on_ground_verified": false,
        "dataset": "flamel_to_medard_without_parvis",
        "status": "DONE",
        "review_date": "2026-10-04"
      },
      "geometry": {
        "type": "LineString",
        "coordinates": [
          [
            2.353132,
            48.863604
          ],
          [
            2.353389,
            48.863548
          ],
          [
            2.353958,
            48.86339
          ],
          [
            2.354471,
            48.863248
          ],
          [
            2.354536,
            48.86323
          ],
          [
            2.354551,
            48.863227
          ],
          [
            2.354514,
            48.863164
          ],
          [
            2.354367,
            48.862887
          ],
          [
            2.354313,
            48.862792
          ],
          [
            2.354278,
            48.862722
          ],
          [
            2.354237,
            48.862648
          ],
          [
            2.353908,
            48.862025
          ],
          [
            2.353781,
            48.861785
          ],
          [
            2.353769,
            48.861762
          ],
          [
            2.35369,
            48.861612
          ],
          [
            2.353606,
            48.861453
          ],
          [
            2.353513,
            48.861277
          ],
          [
            2.353487,
            48.861228
          ],
          [
            2.353453,
            48.861166
          ],
          [
            2.353436,
            48.861134
          ],
          [
            2.353274,
            48.860879
          ],
          [
            2.353203,
            48.860749
          ],
          [
            2.353171,
            48.860611
          ],
          [
            2.353054,
            48.860413
          ],
          [
            2.352985,
            48.860287
          ],
          [
            2.3528,
            48.859938
          ],
          [
            2.35276,
            48.859881
          ],
          [
            2.352705,
            48.859823
          ],
          [
            2.352592,
            48.859636
          ],
          [
            2.352564,
            48.859592
          ],
          [
            2.352136,
            48.858769
          ],
          [
            2.352099,
            48.858698
          ],
          [
            2.351939,
            48.858408
          ],
          [
            2.351908,
            48.858352
          ],
          [
            2.351879,
            48.858296
          ],
          [
            2.351537,
            48.85765
          ],
          [
            2.351519,
            48.857616
          ],
          [
            2.351506,
            48.857592
          ],
          [
            2.351475,
            48.857551
          ],
          [
            2.351417,
            48.857534
          ],
          [
            2.351423,
            48.85745
          ],
          [
            2.351411,
            48.857428
          ],
          [
            2.351401,
            48.85741
          ],
          [
            2.351128,
            48.856931
          ],
          [
            2.351008,
            48.856946
          ],
          [
            2.350988,
            48.856906
          ],
          [
            2.350945,
            48.856846
          ],
          [
            2.350907,
            48.85678
          ],
          [
            2.350894,
            48.856767
          ],
          [
            2.35087,
            48.856743
          ],
          [
            2.350909,
            48.856711
          ],
          [
            2.35091,
            48.856705
          ],
          [
            2.350801,
            48.856481
          ],
          [
            2.350793,
            48.856468
          ],
          [
            2.350787,
            48.856456
          ],
          [
            2.350663,
            48.856234
          ],
          [
            2.350634,
            48.856211
          ],
          [
            2.350593,
            48.856183
          ],
          [
            2.350589,
            48.856171
          ],
          [
            2.350566,
            48.856114
          ],
          [
            2.350539,
            48.856046
          ],
          [
            2.350521,
            48.856019
          ],
          [
            2.350651,
            48.855969
          ],
          [
            2.350678,
            48.855942
          ],
          [
            2.350707,
            48.855881
          ],
          [
            2.350717,
            48.855859
          ],
          [
            2.350711,
            48.855836
          ],
          [
            2.350231,
            48.85517
          ],
          [
            2.350223,
            48.85516
          ],
          [
            2.350212,
            48.855155
          ],
          [
            2.3502,
            48.855141
          ],
          [
            2.350169,
            48.855103
          ],
          [
            2.350142,
            48.855068
          ],
          [
            2.350135,
            48.855059
          ],
          [
            2.350112,
            48.855016
          ],
          [
            2.349634,
            48.854367
          ],
          [
            2.349668,
            48.854356
          ],
          [
            2.349719,
            48.85434
          ],
          [
            2.349207,
            48.853633
          ],
          [
            2.349719,
            48.85434
          ],
          [
            2.349752,
            48.854384
          ],
          [
            2.350199,
            48.85499
          ],
          [
            2.350147,
            48.855005
          ],
          [
            2.350112,
            48.855016
          ],
          [
            2.350135,
            48.855059
          ],
          [
            2.350142,
            48.855069
          ],
          [
            2.350135,
            48.855059
          ],
          [
            2.349639,
            48.855227
          ],
          [
            2.348908,
            48.855442
          ],
          [
            2.348415,
            48.855573
          ],
          [
            2.348387,
            48.855574
          ],
          [
            2.348228,
            48.8553
          ],
          [
            2.348132,
            48.855134
          ],
          [
            2.347755,
            48.854481
          ],
          [
            2.347731,
            48.85444
          ],
          [
            2.347647,
            48.854342
          ],
          [
            2.347597,
            48.85426
          ],
          [
            2.347564,
            48.854205
          ],
          [
            2.347545,
            48.85421
          ],
          [
            2.347479,
            48.854227
          ],
          [
            2.347439,
            48.854157
          ],
          [
            2.347427,
            48.854137
          ],
          [
            2.347387,
            48.854069
          ],
          [
            2.347355,
            48.854014
          ],
          [
            2.347335,
            48.853982
          ],
          [
            2.34718,
            48.853715
          ],
          [
            2.347155,
            48.85367
          ],
          [
            2.347114,
            48.853592
          ],
          [
            2.347049,
            48.853476
          ],
          [
            2.346885,
            48.853187
          ],
          [
            2.346873,
            48.853164
          ],
          [
            2.346861,
            48.853143
          ],
          [
            2.346836,
            48.853114
          ],
          [
            2.346801,
            48.853073
          ],
          [
            2.346744,
            48.852981
          ],
          [
            2.346656,
            48.852834
          ],
          [
            2.346615,
            48.852763
          ],
          [
            2.346602,
            48.852742
          ],
          [
            2.346631,
            48.852735
          ],
          [
            2.346665,
            48.852726
          ],
          [
            2.346672,
            48.852724
          ],
          [
            2.346691,
            48.85272
          ],
          [
            2.346705,
            48.852716
          ],
          [
            2.346419,
            48.852211
          ],
          [
            2.346408,
            48.85219
          ],
          [
            2.346399,
            48.852175
          ],
          [
            2.346383,
            48.852143
          ],
          [
            2.34637,
            48.852118
          ],
          [
            2.346367,
            48.852114
          ],
          [
            2.346405,
            48.852104
          ],
          [
            2.34651,
            48.852079
          ],
          [
            2.346604,
            48.852032
          ],
          [
            2.346776,
            48.851783
          ],
          [
            2.346828,
            48.851729
          ],
          [
            2.346943,
            48.851636
          ],
          [
            2.347091,
            48.851537
          ],
          [
            2.347108,
            48.851512
          ],
          [
            2.347108,
            48.851498
          ],
          [
            2.347123,
            48.851504
          ],
          [
            2.347161,
            48.851518
          ],
          [
            2.347196,
            48.851531
          ],
          [
            2.347209,
            48.851536
          ],
          [
            2.347224,
            48.851539
          ],
          [
            2.347247,
            48.851551
          ],
          [
            2.347556,
            48.851724
          ],
          [
            2.347564,
            48.851713
          ],
          [
            2.347601,
            48.851643
          ],
          [
            2.347694,
            48.851685
          ],
          [
            2.347764,
            48.851595
          ],
          [
            2.347956,
            48.851344
          ],
          [
            2.347981,
            48.851315
          ],
          [
            2.348191,
            48.851054
          ],
          [
            2.348199,
            48.851042
          ],
          [
            2.348342,
            48.850846
          ],
          [
            2.348396,
            48.850736
          ],
          [
            2.348602,
            48.850482
          ],
          [
            2.348618,
            48.850462
          ],
          [
            2.34869,
            48.850371
          ],
          [
            2.348773,
            48.850271
          ],
          [
            2.348844,
            48.850184
          ],
          [
            2.349005,
            48.849986
          ],
          [
            2.349106,
            48.849961
          ],
          [
            2.349234,
            48.84993
          ],
          [
            2.349179,
            48.849794
          ],
          [
            2.349179,
            48.849775
          ],
          [
            2.349225,
            48.849717
          ],
          [
            2.349266,
            48.849668
          ],
          [
            2.349311,
            48.849615
          ],
          [
            2.349475,
            48.849409
          ],
          [
            2.349708,
            48.84911
          ],
          [
            2.349835,
            48.848933
          ],
          [
            2.349949,
            48.84878
          ],
          [
            2.350126,
            48.848553
          ],
          [
            2.350271,
            48.848365
          ],
          [
            2.350302,
            48.848326
          ],
          [
            2.350505,
            48.848078
          ],
          [
            2.350679,
            48.847854
          ],
          [
            2.350713,
            48.84781
          ],
          [
            2.351239,
            48.84713
          ],
          [
            2.35136,
            48.846974
          ],
          [
            2.351523,
            48.846755
          ],
          [
            2.351554,
            48.846713
          ],
          [
            2.351635,
            48.846604
          ],
          [
            2.35172,
            48.846396
          ],
          [
            2.351744,
            48.846332
          ],
          [
            2.351765,
            48.846278
          ],
          [
            2.351781,
            48.846229
          ],
          [
            2.351876,
            48.845972
          ],
          [
            2.352187,
            48.845117
          ],
          [
            2.352371,
            48.844585
          ],
          [
            2.352408,
            48.844476
          ],
          [
            2.352362,
            48.844157
          ],
          [
            2.352336,
            48.84392
          ],
          [
            2.352325,
            48.843869
          ],
          [
            2.352317,
            48.843793
          ],
          [
            2.352305,
            48.843715
          ],
          [
            2.352298,
            48.843668
          ],
          [
            2.352293,
            48.843635
          ],
          [
            2.352227,
            48.84324
          ],
          [
            2.352217,
            48.843176
          ],
          [
            2.352189,
            48.843004
          ],
          [
            2.35217,
            48.842875
          ],
          [
            2.352153,
            48.842781
          ],
          [
            2.352137,
            48.84269
          ],
          [
            2.35212,
            48.84261
          ],
          [
            2.352053,
            48.84217
          ],
          [
            2.352041,
            48.842092
          ],
          [
            2.351993,
            48.841763
          ],
          [
            2.351986,
            48.841717
          ],
          [
            2.351979,
            48.84166
          ],
          [
            2.351967,
            48.841577
          ],
          [
            2.35196,
            48.841527
          ],
          [
            2.351882,
            48.841014
          ],
          [
            2.351875,
            48.840969
          ],
          [
            2.35186,
            48.840835
          ],
          [
            2.351847,
            48.840766
          ],
          [
            2.351826,
            48.840721
          ],
          [
            2.351816,
            48.840698
          ],
          [
            2.35177,
            48.840591
          ],
          [
            2.35171,
            48.84047
          ],
          [
            2.351564,
            48.840505
          ],
          [
            2.351494,
            48.840513
          ],
          [
            2.35146,
            48.840509
          ],
          [
            2.35143,
            48.840501
          ],
          [
            2.351142,
            48.840396
          ],
          [
            2.351042,
            48.840359
          ],
          [
            2.350935,
            48.840319
          ],
          [
            2.350889,
            48.840304
          ],
          [
            2.350678,
            48.840251
          ],
          [
            2.350523,
            48.840212
          ],
          [
            2.35049,
            48.840205
          ],
          [
            2.350453,
            48.840196
          ],
          [
            2.350104,
            48.840114
          ],
          [
            2.349823,
            48.84008
          ],
          [
            2.349846,
            48.840064
          ],
          [
            2.350118,
            48.840103
          ],
          [
            2.350497,
            48.840191
          ],
          [
            2.350686,
            48.840236
          ],
          [
            2.35083,
            48.840265
          ],
          [
            2.350868,
            48.840215
          ],
          [
            2.351075,
            48.839933
          ],
          [
            2.3511,
            48.839886
          ],
          [
            2.351128,
            48.839886
          ],
          [
            2.351143,
            48.839894
          ]
        ]
      }
    },
    {
      "type": "Feature",
      "properties": {
        "route_id": "02",
        "track_id": "V2_start_notre_dame",
        "section": "variant",
        "distance_km": 1.793,
        "route_version": "02-v10-20261004",
        "source": "Valhalla / OpenStreetMap",
        "on_ground_verified": false,
        "dataset": "02_medieval_canonical",
        "status": "DONE",
        "review_date": "2026-10-04"
      },
      "geometry": {
        "type": "LineString",
        "coordinates": [
          [
            2.348847,
            48.85315
          ],
          [
            2.348782,
            48.85306
          ],
          [
            2.348763,
            48.853034
          ],
          [
            2.34857,
            48.852768
          ],
          [
            2.348553,
            48.852744
          ],
          [
            2.348487,
            48.85266
          ],
          [
            2.34839,
            48.852532
          ],
          [
            2.348333,
            48.852446
          ],
          [
            2.348326,
            48.852439
          ],
          [
            2.348311,
            48.852422
          ],
          [
            2.348302,
            48.852413
          ],
          [
            2.348292,
            48.852404
          ],
          [
            2.34828,
            48.852391
          ],
          [
            2.348238,
            48.852349
          ],
          [
            2.348192,
            48.852273
          ],
          [
            2.348122,
            48.852154
          ],
          [
            2.347972,
            48.851945
          ],
          [
            2.347936,
            48.851899
          ],
          [
            2.347831,
            48.851782
          ],
          [
            2.347766,
            48.851729
          ],
          [
            2.347694,
            48.851685
          ],
          [
            2.347764,
            48.851595
          ],
          [
            2.347956,
            48.851344
          ],
          [
            2.347981,
            48.851315
          ],
          [
            2.348191,
            48.851054
          ],
          [
            2.348199,
            48.851042
          ],
          [
            2.348342,
            48.850846
          ],
          [
            2.348396,
            48.850736
          ],
          [
            2.348602,
            48.850482
          ],
          [
            2.348618,
            48.850462
          ],
          [
            2.34869,
            48.850371
          ],
          [
            2.348773,
            48.850271
          ],
          [
            2.348844,
            48.850184
          ],
          [
            2.349005,
            48.849986
          ],
          [
            2.349106,
            48.849961
          ],
          [
            2.349234,
            48.84993
          ],
          [
            2.349179,
            48.849794
          ],
          [
            2.349179,
            48.849775
          ],
          [
            2.349225,
            48.849717
          ],
          [
            2.349266,
            48.849668
          ],
          [
            2.349311,
            48.849615
          ],
          [
            2.349475,
            48.849409
          ],
          [
            2.349708,
            48.84911
          ],
          [
            2.349835,
            48.848933
          ],
          [
            2.349949,
            48.84878
          ],
          [
            2.350126,
            48.848553
          ],
          [
            2.350271,
            48.848365
          ],
          [
            2.350302,
            48.848326
          ],
          [
            2.350505,
            48.848078
          ],
          [
            2.350679,
            48.847854
          ],
          [
            2.350713,
            48.84781
          ],
          [
            2.351239,
            48.84713
          ],
          [
            2.35136,
            48.846974
          ],
          [
            2.351523,
            48.846755
          ],
          [
            2.351554,
            48.846713
          ],
          [
            2.351635,
            48.846604
          ],
          [
            2.35172,
            48.846396
          ],
          [
            2.351744,
            48.846332
          ],
          [
            2.351765,
            48.846278
          ],
          [
            2.351781,
            48.846229
          ],
          [
            2.351876,
            48.845972
          ],
          [
            2.352187,
            48.845117
          ],
          [
            2.352371,
            48.844585
          ],
          [
            2.352408,
            48.844476
          ],
          [
            2.352362,
            48.844157
          ],
          [
            2.352336,
            48.84392
          ],
          [
            2.352325,
            48.843869
          ],
          [
            2.352317,
            48.843793
          ],
          [
            2.352305,
            48.843715
          ],
          [
            2.352298,
            48.843668
          ],
          [
            2.352293,
            48.843635
          ],
          [
            2.352227,
            48.84324
          ],
          [
            2.352217,
            48.843176
          ],
          [
            2.352189,
            48.843004
          ],
          [
            2.35217,
            48.842875
          ],
          [
            2.352153,
            48.842781
          ],
          [
            2.352137,
            48.84269
          ],
          [
            2.35212,
            48.84261
          ],
          [
            2.352053,
            48.84217
          ],
          [
            2.352041,
            48.842092
          ],
          [
            2.351993,
            48.841763
          ],
          [
            2.351986,
            48.841717
          ],
          [
            2.351979,
            48.84166
          ],
          [
            2.351967,
            48.841577
          ],
          [
            2.35196,
            48.841527
          ],
          [
            2.351882,
            48.841014
          ],
          [
            2.351875,
            48.840969
          ],
          [
            2.35186,
            48.840835
          ],
          [
            2.351847,
            48.840766
          ],
          [
            2.351826,
            48.840721
          ],
          [
            2.351816,
            48.840698
          ],
          [
            2.35177,
            48.840591
          ],
          [
            2.35171,
            48.84047
          ],
          [
            2.351564,
            48.840505
          ],
          [
            2.351494,
            48.840513
          ],
          [
            2.35146,
            48.840509
          ],
          [
            2.35143,
            48.840501
          ],
          [
            2.351142,
            48.840396
          ],
          [
            2.351042,
            48.840359
          ],
          [
            2.350935,
            48.840319
          ],
          [
            2.350889,
            48.840304
          ],
          [
            2.350678,
            48.840251
          ],
          [
            2.350523,
            48.840212
          ],
          [
            2.35049,
            48.840205
          ],
          [
            2.350453,
            48.840196
          ],
          [
            2.350104,
            48.840114
          ],
          [
            2.349823,
            48.84008
          ],
          [
            2.349846,
            48.840064
          ],
          [
            2.350118,
            48.840103
          ],
          [
            2.350497,
            48.840191
          ],
          [
            2.350686,
            48.840236
          ],
          [
            2.35083,
            48.840265
          ],
          [
            2.350868,
            48.840215
          ],
          [
            2.351075,
            48.839933
          ],
          [
            2.3511,
            48.839886
          ],
          [
            2.351128,
            48.839886
          ],
          [
            2.351143,
            48.839894
          ]
        ]
      }
    },
    {
      "type": "Feature",
      "properties": {
        "route_id": "02",
        "track_id": "V4_finish_front",
        "section": "variant",
        "distance_km": 3.009,
        "route_version": "02-v10-20261004",
        "source": "Valhalla / OpenStreetMap",
        "on_ground_verified": false,
        "dataset": "02_medieval_canonical",
        "status": "DONE",
        "review_date": "2026-10-04"
      },
      "geometry": {
        "type": "LineString",
        "coordinates": [
          [
            2.353132,
            48.863604
          ],
          [
            2.353389,
            48.863548
          ],
          [
            2.353958,
            48.86339
          ],
          [
            2.354471,
            48.863248
          ],
          [
            2.354536,
            48.86323
          ],
          [
            2.354551,
            48.863227
          ],
          [
            2.354514,
            48.863164
          ],
          [
            2.354367,
            48.862887
          ],
          [
            2.354313,
            48.862792
          ],
          [
            2.354278,
            48.862722
          ],
          [
            2.354237,
            48.862648
          ],
          [
            2.353908,
            48.862025
          ],
          [
            2.353781,
            48.861785
          ],
          [
            2.353769,
            48.861762
          ],
          [
            2.35369,
            48.861612
          ],
          [
            2.353606,
            48.861453
          ],
          [
            2.353513,
            48.861277
          ],
          [
            2.353487,
            48.861228
          ],
          [
            2.353453,
            48.861166
          ],
          [
            2.353436,
            48.861134
          ],
          [
            2.353274,
            48.860879
          ],
          [
            2.353203,
            48.860749
          ],
          [
            2.353171,
            48.860611
          ],
          [
            2.353054,
            48.860413
          ],
          [
            2.352985,
            48.860287
          ],
          [
            2.3528,
            48.859938
          ],
          [
            2.35276,
            48.859881
          ],
          [
            2.352705,
            48.859823
          ],
          [
            2.352592,
            48.859636
          ],
          [
            2.352564,
            48.859592
          ],
          [
            2.352136,
            48.858769
          ],
          [
            2.352099,
            48.858698
          ],
          [
            2.351939,
            48.858408
          ],
          [
            2.351908,
            48.858352
          ],
          [
            2.351879,
            48.858296
          ],
          [
            2.351537,
            48.85765
          ],
          [
            2.351519,
            48.857616
          ],
          [
            2.351506,
            48.857592
          ],
          [
            2.351475,
            48.857551
          ],
          [
            2.351417,
            48.857534
          ],
          [
            2.351423,
            48.85745
          ],
          [
            2.351411,
            48.857428
          ],
          [
            2.351401,
            48.85741
          ],
          [
            2.351128,
            48.856931
          ],
          [
            2.351008,
            48.856946
          ],
          [
            2.350988,
            48.856906
          ],
          [
            2.350945,
            48.856846
          ],
          [
            2.350907,
            48.85678
          ],
          [
            2.350894,
            48.856767
          ],
          [
            2.35087,
            48.856743
          ],
          [
            2.350909,
            48.856711
          ],
          [
            2.35091,
            48.856705
          ],
          [
            2.350801,
            48.856481
          ],
          [
            2.350793,
            48.856468
          ],
          [
            2.350787,
            48.856456
          ],
          [
            2.350663,
            48.856234
          ],
          [
            2.350634,
            48.856211
          ],
          [
            2.350593,
            48.856183
          ],
          [
            2.350589,
            48.856171
          ],
          [
            2.350566,
            48.856114
          ],
          [
            2.350539,
            48.856046
          ],
          [
            2.350521,
            48.856019
          ],
          [
            2.350651,
            48.855969
          ],
          [
            2.350678,
            48.855942
          ],
          [
            2.350707,
            48.855881
          ],
          [
            2.350717,
            48.855859
          ],
          [
            2.350711,
            48.855836
          ],
          [
            2.350231,
            48.85517
          ],
          [
            2.350223,
            48.85516
          ],
          [
            2.350212,
            48.855155
          ],
          [
            2.3502,
            48.855141
          ],
          [
            2.350169,
            48.855103
          ],
          [
            2.350142,
            48.855068
          ],
          [
            2.350135,
            48.855059
          ],
          [
            2.350112,
            48.855016
          ],
          [
            2.349634,
            48.854367
          ],
          [
            2.349668,
            48.854356
          ],
          [
            2.349719,
            48.85434
          ],
          [
            2.349207,
            48.853633
          ],
          [
            2.349194,
            48.853612
          ],
          [
            2.349154,
            48.853562
          ],
          [
            2.349148,
            48.853554
          ],
          [
            2.349069,
            48.853457
          ],
          [
            2.348886,
            48.853204
          ],
          [
            2.348847,
            48.85315
          ],
          [
            2.348782,
            48.85306
          ],
          [
            2.348763,
            48.853034
          ],
          [
            2.34857,
            48.852768
          ],
          [
            2.348553,
            48.852744
          ],
          [
            2.348487,
            48.85266
          ],
          [
            2.34839,
            48.852532
          ],
          [
            2.348333,
            48.852446
          ],
          [
            2.348326,
            48.852439
          ],
          [
            2.348311,
            48.852422
          ],
          [
            2.348302,
            48.852413
          ],
          [
            2.348292,
            48.852404
          ],
          [
            2.34828,
            48.852391
          ],
          [
            2.348238,
            48.852349
          ],
          [
            2.348192,
            48.852273
          ],
          [
            2.348122,
            48.852154
          ],
          [
            2.347972,
            48.851945
          ],
          [
            2.347936,
            48.851899
          ],
          [
            2.347831,
            48.851782
          ],
          [
            2.347766,
            48.851729
          ],
          [
            2.347694,
            48.851685
          ],
          [
            2.347764,
            48.851595
          ],
          [
            2.347956,
            48.851344
          ],
          [
            2.347981,
            48.851315
          ],
          [
            2.348191,
            48.851054
          ],
          [
            2.348199,
            48.851042
          ],
          [
            2.348342,
            48.850846
          ],
          [
            2.348396,
            48.850736
          ],
          [
            2.348602,
            48.850482
          ],
          [
            2.348618,
            48.850462
          ],
          [
            2.34869,
            48.850371
          ],
          [
            2.348773,
            48.850271
          ],
          [
            2.348844,
            48.850184
          ],
          [
            2.349005,
            48.849986
          ],
          [
            2.349106,
            48.849961
          ],
          [
            2.349234,
            48.84993
          ],
          [
            2.349179,
            48.849794
          ],
          [
            2.349179,
            48.849775
          ],
          [
            2.349225,
            48.849717
          ],
          [
            2.349266,
            48.849668
          ],
          [
            2.349311,
            48.849615
          ],
          [
            2.349475,
            48.849409
          ],
          [
            2.349708,
            48.84911
          ],
          [
            2.349835,
            48.848933
          ],
          [
            2.349949,
            48.84878
          ],
          [
            2.350126,
            48.848553
          ],
          [
            2.350271,
            48.848365
          ],
          [
            2.350302,
            48.848326
          ],
          [
            2.350505,
            48.848078
          ],
          [
            2.350679,
            48.847854
          ],
          [
            2.350713,
            48.84781
          ],
          [
            2.351239,
            48.84713
          ],
          [
            2.35136,
            48.846974
          ],
          [
            2.351523,
            48.846755
          ],
          [
            2.351554,
            48.846713
          ],
          [
            2.351635,
            48.846604
          ],
          [
            2.35172,
            48.846396
          ],
          [
            2.351744,
            48.846332
          ],
          [
            2.351765,
            48.846278
          ],
          [
            2.351781,
            48.846229
          ],
          [
            2.351876,
            48.845972
          ],
          [
            2.352187,
            48.845117
          ],
          [
            2.352371,
            48.844585
          ],
          [
            2.352408,
            48.844476
          ],
          [
            2.352362,
            48.844157
          ],
          [
            2.352336,
            48.84392
          ],
          [
            2.352325,
            48.843869
          ],
          [
            2.352317,
            48.843793
          ],
          [
            2.352305,
            48.843715
          ],
          [
            2.352298,
            48.843668
          ],
          [
            2.352293,
            48.843635
          ],
          [
            2.352227,
            48.84324
          ],
          [
            2.352217,
            48.843176
          ],
          [
            2.352189,
            48.843004
          ],
          [
            2.35217,
            48.842875
          ],
          [
            2.352153,
            48.842781
          ],
          [
            2.352137,
            48.84269
          ],
          [
            2.35212,
            48.84261
          ],
          [
            2.352053,
            48.84217
          ],
          [
            2.352041,
            48.842092
          ],
          [
            2.351993,
            48.841763
          ],
          [
            2.351986,
            48.841717
          ],
          [
            2.351979,
            48.84166
          ],
          [
            2.351967,
            48.841577
          ],
          [
            2.35196,
            48.841527
          ],
          [
            2.351882,
            48.841014
          ],
          [
            2.351875,
            48.840969
          ],
          [
            2.35186,
            48.840835
          ],
          [
            2.351847,
            48.840766
          ],
          [
            2.351826,
            48.840721
          ],
          [
            2.351816,
            48.840698
          ],
          [
            2.35177,
            48.840591
          ],
          [
            2.35171,
            48.84047
          ],
          [
            2.351564,
            48.840505
          ],
          [
            2.351494,
            48.840513
          ],
          [
            2.35146,
            48.840509
          ],
          [
            2.35143,
            48.840501
          ],
          [
            2.351142,
            48.840396
          ],
          [
            2.351042,
            48.840359
          ],
          [
            2.350935,
            48.840319
          ],
          [
            2.350889,
            48.840304
          ],
          [
            2.350678,
            48.840251
          ],
          [
            2.350523,
            48.840212
          ],
          [
            2.35049,
            48.840205
          ],
          [
            2.350453,
            48.840196
          ],
          [
            2.350104,
            48.840114
          ],
          [
            2.349823,
            48.84008
          ]
        ]
      }
    },
    {
      "type": "Feature",
      "properties": {
        "route_id": "02",
        "track_id": "V0_finish_notre_dame",
        "section": "variant",
        "distance_km": 1.343,
        "route_version": "02-v10-20261004",
        "source": "Valhalla / OpenStreetMap",
        "on_ground_verified": false,
        "dataset": "02_medieval_canonical",
        "status": "DONE",
        "review_date": "2026-10-04"
      },
      "geometry": {
        "type": "LineString",
        "coordinates": [
          [
            2.353132,
            48.863604
          ],
          [
            2.353389,
            48.863548
          ],
          [
            2.353958,
            48.86339
          ],
          [
            2.354471,
            48.863248
          ],
          [
            2.354536,
            48.86323
          ],
          [
            2.354551,
            48.863227
          ],
          [
            2.354514,
            48.863164
          ],
          [
            2.354367,
            48.862887
          ],
          [
            2.354313,
            48.862792
          ],
          [
            2.354278,
            48.862722
          ],
          [
            2.354237,
            48.862648
          ],
          [
            2.353908,
            48.862025
          ],
          [
            2.353781,
            48.861785
          ],
          [
            2.353769,
            48.861762
          ],
          [
            2.35369,
            48.861612
          ],
          [
            2.353606,
            48.861453
          ],
          [
            2.353513,
            48.861277
          ],
          [
            2.353487,
            48.861228
          ],
          [
            2.353453,
            48.861166
          ],
          [
            2.353436,
            48.861134
          ],
          [
            2.353274,
            48.860879
          ],
          [
            2.353203,
            48.860749
          ],
          [
            2.353171,
            48.860611
          ],
          [
            2.353054,
            48.860413
          ],
          [
            2.352985,
            48.860287
          ],
          [
            2.3528,
            48.859938
          ],
          [
            2.35276,
            48.859881
          ],
          [
            2.352705,
            48.859823
          ],
          [
            2.352592,
            48.859636
          ],
          [
            2.352564,
            48.859592
          ],
          [
            2.352136,
            48.858769
          ],
          [
            2.352099,
            48.858698
          ],
          [
            2.351939,
            48.858408
          ],
          [
            2.351908,
            48.858352
          ],
          [
            2.351879,
            48.858296
          ],
          [
            2.351537,
            48.85765
          ],
          [
            2.351519,
            48.857616
          ],
          [
            2.351506,
            48.857592
          ],
          [
            2.351475,
            48.857551
          ],
          [
            2.351417,
            48.857534
          ],
          [
            2.351423,
            48.85745
          ],
          [
            2.351411,
            48.857428
          ],
          [
            2.351401,
            48.85741
          ],
          [
            2.351128,
            48.856931
          ],
          [
            2.351008,
            48.856946
          ],
          [
            2.350988,
            48.856906
          ],
          [
            2.350945,
            48.856846
          ],
          [
            2.350907,
            48.85678
          ],
          [
            2.350894,
            48.856767
          ],
          [
            2.35087,
            48.856743
          ],
          [
            2.350909,
            48.856711
          ],
          [
            2.35091,
            48.856705
          ],
          [
            2.350801,
            48.856481
          ],
          [
            2.350793,
            48.856468
          ],
          [
            2.350787,
            48.856456
          ],
          [
            2.350663,
            48.856234
          ],
          [
            2.350634,
            48.856211
          ],
          [
            2.350593,
            48.856183
          ],
          [
            2.350589,
            48.856171
          ],
          [
            2.350566,
            48.856114
          ],
          [
            2.350539,
            48.856046
          ],
          [
            2.350521,
            48.856019
          ],
          [
            2.350651,
            48.855969
          ],
          [
            2.350678,
            48.855942
          ],
          [
            2.350707,
            48.855881
          ],
          [
            2.350717,
            48.855859
          ],
          [
            2.350711,
            48.855836
          ],
          [
            2.350231,
            48.85517
          ],
          [
            2.350223,
            48.85516
          ],
          [
            2.350212,
            48.855155
          ],
          [
            2.3502,
            48.855141
          ],
          [
            2.350169,
            48.855103
          ],
          [
            2.350142,
            48.855068
          ],
          [
            2.350135,
            48.855059
          ],
          [
            2.350112,
            48.855016
          ],
          [
            2.349634,
            48.854367
          ],
          [
            2.349668,
            48.854356
          ],
          [
            2.349719,
            48.85434
          ],
          [
            2.349207,
            48.853633
          ],
          [
            2.349194,
            48.853612
          ],
          [
            2.349154,
            48.853562
          ],
          [
            2.349148,
            48.853554
          ],
          [
            2.349069,
            48.853457
          ],
          [
            2.348886,
            48.853204
          ],
          [
            2.348847,
            48.85315
          ]
        ]
      }
    },
    {
      "type": "Feature",
      "properties": {
        "route_id": "16",
        "point_id": "champo",
        "label": "C01 — Champo, esquina Écoles/Champollion",
        "role": "story",
        "note": "Acera ante 51 rue des Écoles; no entrar en la sala.",
        "status": "DONE",
        "route_version": "16-v10-20261005",
        "review_date": "2026-10-05"
      },
      "geometry": {
        "type": "Point",
        "coordinates": [
          2.343145,
          48.85001
        ]
      }
    },
    {
      "type": "Feature",
      "properties": {
        "route_id": "16",
        "point_id": "filmo",
        "label": "C01b — Filmothèque, 9 rue Champollion",
        "role": "comparison",
        "note": "Comparación dentro de A01; no nueva biografía.",
        "status": "DONE",
        "route_version": "16-v10-20261005",
        "review_date": "2026-10-05"
      },
      "geometry": {
        "type": "Point",
        "coordinates": [
          2.342795,
          48.84951
        ]
      }
    },
    {
      "type": "Feature",
      "properties": {
        "route_id": "16",
        "point_id": "steps",
        "label": "C02 — Portal norte, place de l’Abbé-Basset",
        "role": "optional_story",
        "note": "Observación desde plaza; no portal principal del Panthéon, umbral o escalera.",
        "status": "DONE",
        "route_version": "16-v10-20261005",
        "review_date": "2026-10-05"
      },
      "geometry": {
        "type": "Point",
        "coordinates": [
          2.347878,
          48.846777
        ]
      }
    },
    {
      "type": "Feature",
      "properties": {
        "route_id": "16",
        "point_id": "pathe",
        "label": "C03 — Pathé, 73 avenue des Gobelins",
        "role": "story",
        "note": "Acceso por avenue des Gobelins; no entrada de investigadores o Pathé Les Fauvettes.",
        "status": "DONE",
        "route_version": "16-v10-20261005",
        "review_date": "2026-10-05"
      },
      "geometry": {
        "type": "Point",
        "coordinates": [
          2.354433,
          48.83339
        ]
      }
    },
    {
      "type": "Feature",
      "properties": {
        "route_id": "16",
        "point_id": "cluny",
        "label": "Llegada — Cluny–La Sorbonne, Saint-Germain/Saint-Michel",
        "role": "transit",
        "note": "Extremo superior en superficie; no andén ni fondo de escalera.",
        "status": "DONE",
        "route_version": "16-v10-20261005",
        "review_date": "2026-10-05"
      },
      "geometry": {
        "type": "Point",
        "coordinates": [
          2.343361,
          48.851267
        ]
      }
    },
    {
      "type": "Feature",
      "properties": {
        "route_id": "16",
        "point_id": "gobelins",
        "label": "Salida — Les Gobelins, rue Le Brun",
        "role": "transit",
        "note": "Pavimento en superficie junto a la boca, antes de bajar.",
        "status": "DONE",
        "route_version": "16-v10-20261005",
        "review_date": "2026-10-05"
      },
      "geometry": {
        "type": "Point",
        "coordinates": [
          2.353237,
          48.835102
        ]
      }
    },
    {
      "type": "Feature",
      "properties": {
        "route_id": "16",
        "point_id": "court",
        "label": "B01 — Cour Carrée, junto a la fuente",
        "role": "story",
        "note": "Lado de la fuente sobre el pavimento; no borde de fuente ni interior del museo.",
        "status": "DONE",
        "route_version": "16-v10-20261005",
        "review_date": "2026-10-05"
      },
      "geometry": {
        "type": "Point",
        "coordinates": [
          2.33868,
          48.86049
        ]
      }
    },
    {
      "type": "Feature",
      "properties": {
        "route_id": "16",
        "point_id": "upper_quai",
        "label": "Control — rue des Prêtres-Saint-Germain-l’Auxerrois",
        "role": "control",
        "note": "Control del recorrido a nivel de calle; no bajada a ribera.",
        "status": "DONE",
        "route_version": "16-v10-20261005",
        "review_date": "2026-10-05"
      },
      "geometry": {
        "type": "Point",
        "coordinates": [
          2.340997,
          48.859312
        ]
      }
    },
    {
      "type": "Feature",
      "properties": {
        "route_id": "16",
        "point_id": "eleonore",
        "label": "B02 — rue du Pont-Neuf, tramo sur",
        "role": "story",
        "note": "Acera occidental cartografiada OSM 1162926784; fuera del acceso al parking. No manhole autenticado.",
        "status": "DONE",
        "route_version": "16-v10-20261005",
        "review_date": "2026-10-05"
      },
      "geometry": {
        "type": "Point",
        "coordinates": [
          2.3430364,
          48.8591073
        ]
      }
    },
    {
      "type": "Feature",
      "properties": {
        "route_id": "16",
        "point_id": "louvre_metro",
        "label": "Llegada coda — Louvre–Rivoli, Rivoli/Amiral de Coligny",
        "role": "transit",
        "note": "Pavimento exterior, antes de escaleras.",
        "status": "DONE",
        "route_version": "16-v10-20261005",
        "review_date": "2026-10-05"
      },
      "geometry": {
        "type": "Point",
        "coordinates": [
          2.340922,
          48.860762
        ]
      }
    },
    {
      "type": "Feature",
      "properties": {
        "route_id": "16",
        "point_id": "pont_neuf_metro",
        "label": "Salida coda — Pont Neuf, quai du Louvre",
        "role": "transit",
        "note": "Boca en superficie, nivel superior; no riverbank ni escalera inferior.",
        "status": "DONE",
        "route_version": "16-v10-20261005",
        "review_date": "2026-10-05"
      },
      "geometry": {
        "type": "Point",
        "coordinates": [
          2.342385,
          48.858666
        ]
      }
    },
    {
      "type": "Feature",
      "properties": {
        "route_id": "16",
        "point_id": "colonnade",
        "label": "B01 V5 — colonnade, exterior place du Louvre",
        "role": "variant_story",
        "note": "Acera pública exterior si patio cerrado; sin atravesar puerta bloqueada.",
        "status": "DONE",
        "route_version": "16-v10-20261005",
        "review_date": "2026-10-05"
      },
      "geometry": {
        "type": "Point",
        "coordinates": [
          2.34032,
          48.86019
        ]
      }
    },
    {
      "type": "Feature",
      "properties": {
        "route_id": "16",
        "point_id": "wc_monge",
        "label": "WC — 75b rue Monge",
        "role": "toilet",
        "note": "Fila municipal: en servicio, 24 h; inventario no confirma estado en vivo.",
        "status": "DONE",
        "route_version": "16-v10-20261005",
        "review_date": "2026-10-05"
      },
      "geometry": {
        "type": "Point",
        "coordinates": [
          2.352094,
          48.843136
        ]
      }
    },
    {
      "type": "Feature",
      "properties": {
        "route_id": "16",
        "point_id": "potdefer_west",
        "label": "Control — Pot de Fer / Tournefort",
        "role": "control",
        "note": "Fija un desvío sin pasaje cubierto.",
        "status": "DONE",
        "route_version": "16-v10-20261005",
        "review_date": "2026-10-05"
      },
      "geometry": {
        "type": "Point",
        "coordinates": [
          2.348196,
          48.84285
        ]
      }
    },
    {
      "type": "Feature",
      "properties": {
        "route_id": "16",
        "point_id": "lhomond_calvin",
        "label": "Control — Tournefort / Lhomond / Jean Calvin",
        "role": "control",
        "note": "Acceso occidental a Jean Calvin, antes del tramo cubierto oriental.",
        "status": "DONE",
        "route_version": "16-v10-20261005",
        "review_date": "2026-10-05"
      },
      "geometry": {
        "type": "Point",
        "coordinates": [
          2.348235,
          48.841678
        ]
      }
    },
    {
      "type": "Feature",
      "properties": {
        "route_id": "16",
        "point_id": "wc_calvin",
        "label": "WC alternativo — 8 rue Jean Calvin",
        "role": "toilet",
        "note": "Fila municipal: en servicio, 24 h. Llegada por Tournefort/Lhomond y tramo occidental de Jean Calvin.",
        "status": "DONE",
        "route_version": "16-v10-20261005",
        "review_date": "2026-10-05"
      },
      "geometry": {
        "type": "Point",
        "coordinates": [
          2.348701,
          48.841645
        ]
      }
    },
    {
      "type": "Feature",
      "properties": {
        "route_id": "16",
        "point_id": "wc_berger",
        "label": "WC coda — 37 rue Berger",
        "role": "toilet",
        "note": "Fila municipal: en servicio, 06–22 h, junto a borde sur de Les Halles.",
        "status": "DONE",
        "route_version": "16-v10-20261005",
        "review_date": "2026-10-05"
      },
      "geometry": {
        "type": "Point",
        "coordinates": [
          2.343749,
          48.862117
        ]
      }
    },
    {
      "type": "Feature",
      "properties": {
        "route_id": "16",
        "point_id": "buffon_corner",
        "label": "Control — Geoffroy-Saint-Hilaire / Buffon",
        "role": "control",
        "note": "Esquina de calles públicas, fuera del Jardin des Plantes.",
        "status": "DONE",
        "route_version": "16-v10-20261005",
        "review_date": "2026-10-05"
      },
      "geometry": {
        "type": "Point",
        "coordinates": [
          2.355964,
          48.841177
        ]
      }
    },
    {
      "type": "Feature",
      "properties": {
        "route_id": "16",
        "point_id": "buffon",
        "label": "Refugio — bibliothèque Buffon, 15 bis rue Buffon",
        "role": "refuge",
        "note": "Entrada por rue Buffon; horario y WC/asientos publicados.",
        "status": "DONE",
        "route_version": "16-v10-20261005",
        "review_date": "2026-10-05"
      },
      "geometry": {
        "type": "Point",
        "coordinates": [
          2.361884,
          48.842573
        ]
      }
    },
    {
      "type": "Feature",
      "properties": {
        "route_id": "16",
        "point_id": "cardinal_lemoine",
        "label": "Escape — Cardinal Lemoine",
        "role": "transit",
        "note": "Pavimento junto a boca; no continuidad subterránea en GPX.",
        "status": "DONE",
        "route_version": "16-v10-20261005",
        "review_date": "2026-10-05"
      },
      "geometry": {
        "type": "Point",
        "coordinates": [
          2.351915,
          48.846535
        ]
      }
    },
    {
      "type": "Feature",
      "properties": {
        "route_id": "16",
        "point_id": "place_monge",
        "label": "Escape — Place Monge",
        "role": "transit",
        "note": "Boca en superficie junto al servicio WC.",
        "status": "DONE",
        "route_version": "16-v10-20261005",
        "review_date": "2026-10-05"
      },
      "geometry": {
        "type": "Point",
        "coordinates": [
          2.352105,
          48.84304
        ]
      }
    },
    {
      "type": "Feature",
      "properties": {
        "route_id": "16",
        "point_id": "censier",
        "label": "Escape — Censier-Daubenton, rue Monge",
        "role": "transit",
        "note": "Boca en superficie; servicio del metro se comprueba el día.",
        "status": "DONE",
        "route_version": "16-v10-20261005",
        "review_date": "2026-10-05"
      },
      "geometry": {
        "type": "Point",
        "coordinates": [
          2.351629,
          48.840616
        ]
      }
    },
    {
      "type": "Feature",
      "properties": {
        "route_id": "16",
        "dataset": "16_main",
        "track_name": "16_nucleo_Champo_Pathe",
        "distance_km": 2.555,
        "role": "canonical",
        "status": "DONE",
        "route_version": "16-v10-20261005",
        "review_date": "2026-10-05"
      },
      "geometry": {
        "type": "LineString",
        "coordinates": [
          [
            2.343134,
            48.850043
          ],
          [
            2.343103,
            48.850028
          ],
          [
            2.343018,
            48.849882
          ],
          [
            2.342895,
            48.84973
          ],
          [
            2.342774,
            48.849515
          ],
          [
            2.34263,
            48.849259
          ],
          [
            2.342371,
            48.848804
          ],
          [
            2.342359,
            48.848779
          ],
          [
            2.342838,
            48.848666
          ],
          [
            2.342824,
            48.848627
          ],
          [
            2.342816,
            48.848614
          ],
          [
            2.342791,
            48.848567
          ],
          [
            2.342747,
            48.848483
          ],
          [
            2.342753,
            48.848453
          ],
          [
            2.342735,
            48.84842
          ],
          [
            2.342721,
            48.848396
          ],
          [
            2.342733,
            48.848393
          ],
          [
            2.342755,
            48.848388
          ],
          [
            2.342777,
            48.848383
          ],
          [
            2.342798,
            48.848377
          ],
          [
            2.342785,
            48.848333
          ],
          [
            2.342718,
            48.848207
          ],
          [
            2.342707,
            48.848177
          ],
          [
            2.342562,
            48.847929
          ],
          [
            2.34251,
            48.84784
          ],
          [
            2.342525,
            48.847819
          ],
          [
            2.343075,
            48.847613
          ],
          [
            2.343564,
            48.847431
          ],
          [
            2.343599,
            48.847441
          ],
          [
            2.343613,
            48.847437
          ],
          [
            2.34365,
            48.847428
          ],
          [
            2.343688,
            48.847419
          ],
          [
            2.343721,
            48.847411
          ],
          [
            2.343734,
            48.847408
          ],
          [
            2.343767,
            48.8474
          ],
          [
            2.343792,
            48.847394
          ],
          [
            2.343788,
            48.847371
          ],
          [
            2.344589,
            48.847234
          ],
          [
            2.345262,
            48.847048
          ],
          [
            2.346346,
            48.846812
          ],
          [
            2.346384,
            48.846804
          ],
          [
            2.3464,
            48.846801
          ],
          [
            2.346446,
            48.846791
          ],
          [
            2.346496,
            48.84678
          ],
          [
            2.346509,
            48.846777
          ],
          [
            2.346547,
            48.846769
          ],
          [
            2.346914,
            48.846689
          ],
          [
            2.347589,
            48.846829
          ],
          [
            2.34767,
            48.846804
          ],
          [
            2.347694,
            48.846807
          ],
          [
            2.347728,
            48.846818
          ],
          [
            2.347731,
            48.846812
          ],
          [
            2.347737,
            48.846795
          ],
          [
            2.347742,
            48.84678
          ],
          [
            2.347748,
            48.84677
          ],
          [
            2.347863,
            48.846798
          ],
          [
            2.347889,
            48.84677
          ],
          [
            2.347926,
            48.846745
          ],
          [
            2.347991,
            48.846726
          ],
          [
            2.348908,
            48.846618
          ],
          [
            2.348902,
            48.846602
          ],
          [
            2.348901,
            48.846598
          ],
          [
            2.348948,
            48.846459
          ],
          [
            2.348986,
            48.846399
          ],
          [
            2.349001,
            48.846295
          ],
          [
            2.349007,
            48.846252
          ],
          [
            2.348961,
            48.846225
          ],
          [
            2.348977,
            48.846215
          ],
          [
            2.348972,
            48.846181
          ],
          [
            2.348965,
            48.846143
          ],
          [
            2.348963,
            48.846131
          ],
          [
            2.34901,
            48.846123
          ],
          [
            2.349035,
            48.846099
          ],
          [
            2.349044,
            48.845961
          ],
          [
            2.349046,
            48.845933
          ],
          [
            2.34906,
            48.845728
          ],
          [
            2.349112,
            48.845711
          ],
          [
            2.349093,
            48.845488
          ],
          [
            2.349075,
            48.845274
          ],
          [
            2.349107,
            48.845036
          ],
          [
            2.349087,
            48.84502
          ],
          [
            2.349091,
            48.845011
          ],
          [
            2.349095,
            48.84498
          ],
          [
            2.349099,
            48.844946
          ],
          [
            2.349096,
            48.844933
          ],
          [
            2.349122,
            48.844923
          ],
          [
            2.349121,
            48.844884
          ],
          [
            2.349173,
            48.844606
          ],
          [
            2.349178,
            48.84453
          ],
          [
            2.349184,
            48.844525
          ],
          [
            2.349185,
            48.844504
          ],
          [
            2.349185,
            48.844491
          ],
          [
            2.349185,
            48.844488
          ],
          [
            2.349205,
            48.844489
          ],
          [
            2.349217,
            48.844484
          ],
          [
            2.349257,
            48.844301
          ],
          [
            2.349267,
            48.844302
          ],
          [
            2.349288,
            48.844305
          ],
          [
            2.349306,
            48.844308
          ],
          [
            2.349321,
            48.84431
          ],
          [
            2.349334,
            48.844321
          ],
          [
            2.349659,
            48.844339
          ],
          [
            2.349737,
            48.844337
          ],
          [
            2.349791,
            48.844314
          ],
          [
            2.350185,
            48.844228
          ],
          [
            2.35041,
            48.844177
          ],
          [
            2.350438,
            48.844141
          ],
          [
            2.351342,
            48.843943
          ],
          [
            2.351399,
            48.843952
          ],
          [
            2.351487,
            48.843931
          ],
          [
            2.351501,
            48.84392
          ],
          [
            2.35151,
            48.843913
          ],
          [
            2.351521,
            48.843917
          ],
          [
            2.351538,
            48.843913
          ],
          [
            2.351562,
            48.843909
          ],
          [
            2.351605,
            48.8439
          ],
          [
            2.351612,
            48.843887
          ],
          [
            2.351647,
            48.843897
          ],
          [
            2.35216,
            48.843784
          ],
          [
            2.352188,
            48.843736
          ],
          [
            2.352211,
            48.843733
          ],
          [
            2.352305,
            48.843715
          ],
          [
            2.352298,
            48.843668
          ],
          [
            2.352293,
            48.843635
          ],
          [
            2.352227,
            48.84324
          ],
          [
            2.352217,
            48.843176
          ],
          [
            2.352189,
            48.843004
          ],
          [
            2.35217,
            48.842875
          ],
          [
            2.352153,
            48.842781
          ],
          [
            2.352137,
            48.84269
          ],
          [
            2.35212,
            48.84261
          ],
          [
            2.352053,
            48.84217
          ],
          [
            2.352041,
            48.842092
          ],
          [
            2.351993,
            48.841763
          ],
          [
            2.351986,
            48.841717
          ],
          [
            2.351979,
            48.84166
          ],
          [
            2.351967,
            48.841577
          ],
          [
            2.35196,
            48.841527
          ],
          [
            2.351882,
            48.841014
          ],
          [
            2.351875,
            48.840969
          ],
          [
            2.35186,
            48.840835
          ],
          [
            2.351847,
            48.840766
          ],
          [
            2.351826,
            48.840721
          ],
          [
            2.351816,
            48.840698
          ],
          [
            2.35177,
            48.840591
          ],
          [
            2.35171,
            48.84047
          ],
          [
            2.351657,
            48.840363
          ],
          [
            2.351644,
            48.840341
          ],
          [
            2.351633,
            48.840321
          ],
          [
            2.351574,
            48.840212
          ],
          [
            2.351559,
            48.840186
          ],
          [
            2.351536,
            48.840145
          ],
          [
            2.351525,
            48.840125
          ],
          [
            2.351462,
            48.840012
          ],
          [
            2.351361,
            48.839846
          ],
          [
            2.351268,
            48.83969
          ],
          [
            2.351219,
            48.839593
          ],
          [
            2.351196,
            48.83955
          ],
          [
            2.35098,
            48.839148
          ],
          [
            2.35094,
            48.839072
          ],
          [
            2.35084,
            48.838897
          ],
          [
            2.350825,
            48.838872
          ],
          [
            2.35078,
            48.838745
          ],
          [
            2.35074,
            48.838656
          ],
          [
            2.350739,
            48.83864
          ],
          [
            2.350733,
            48.838588
          ],
          [
            2.350745,
            48.838558
          ],
          [
            2.350781,
            48.838483
          ],
          [
            2.350817,
            48.838409
          ],
          [
            2.35084,
            48.838365
          ],
          [
            2.351017,
            48.838018
          ],
          [
            2.351057,
            48.837961
          ],
          [
            2.351121,
            48.837859
          ],
          [
            2.351219,
            48.837707
          ],
          [
            2.351262,
            48.837644
          ],
          [
            2.351502,
            48.837292
          ],
          [
            2.351519,
            48.837267
          ],
          [
            2.351744,
            48.836963
          ],
          [
            2.351849,
            48.836787
          ],
          [
            2.351932,
            48.83667
          ],
          [
            2.351958,
            48.836632
          ],
          [
            2.351978,
            48.836604
          ],
          [
            2.352204,
            48.836275
          ],
          [
            2.352222,
            48.83625
          ],
          [
            2.352241,
            48.836223
          ],
          [
            2.352422,
            48.835975
          ],
          [
            2.35245,
            48.835937
          ],
          [
            2.352517,
            48.835843
          ],
          [
            2.352566,
            48.835774
          ],
          [
            2.352781,
            48.835465
          ],
          [
            2.352925,
            48.83526
          ],
          [
            2.35306,
            48.835063
          ],
          [
            2.353082,
            48.835032
          ],
          [
            2.353191,
            48.834874
          ],
          [
            2.353263,
            48.834771
          ],
          [
            2.353341,
            48.834659
          ],
          [
            2.353457,
            48.834497
          ],
          [
            2.353474,
            48.834472
          ],
          [
            2.353563,
            48.834491
          ],
          [
            2.353621,
            48.834514
          ],
          [
            2.353665,
            48.834464
          ],
          [
            2.353656,
            48.834442
          ],
          [
            2.35368,
            48.834411
          ],
          [
            2.353706,
            48.834378
          ],
          [
            2.353734,
            48.834372
          ],
          [
            2.353756,
            48.834307
          ],
          [
            2.35428,
            48.833556
          ],
          [
            2.354298,
            48.833512
          ],
          [
            2.354307,
            48.833501
          ],
          [
            2.354328,
            48.833471
          ],
          [
            2.354345,
            48.833447
          ],
          [
            2.354363,
            48.833421
          ],
          [
            2.354393,
            48.833378
          ]
        ]
      }
    },
    {
      "type": "Feature",
      "properties": {
        "route_id": "16",
        "dataset": "16_no_steps",
        "track_name": "V2_sin_portal",
        "distance_km": 2.35,
        "role": "independent_variant_or_connector",
        "status": "DONE",
        "route_version": "16-v10-20261005",
        "review_date": "2026-10-05"
      },
      "geometry": {
        "type": "LineString",
        "coordinates": [
          [
            2.343134,
            48.850043
          ],
          [
            2.343103,
            48.850028
          ],
          [
            2.343018,
            48.849882
          ],
          [
            2.342895,
            48.84973
          ],
          [
            2.342774,
            48.849515
          ],
          [
            2.34263,
            48.849259
          ],
          [
            2.342371,
            48.848804
          ],
          [
            2.342359,
            48.848779
          ],
          [
            2.342838,
            48.848666
          ],
          [
            2.342824,
            48.848627
          ],
          [
            2.342816,
            48.848614
          ],
          [
            2.342791,
            48.848567
          ],
          [
            2.342747,
            48.848483
          ],
          [
            2.342753,
            48.848453
          ],
          [
            2.342735,
            48.84842
          ],
          [
            2.342721,
            48.848396
          ],
          [
            2.342733,
            48.848393
          ],
          [
            2.342755,
            48.848388
          ],
          [
            2.342777,
            48.848383
          ],
          [
            2.342798,
            48.848377
          ],
          [
            2.342785,
            48.848333
          ],
          [
            2.342718,
            48.848207
          ],
          [
            2.342707,
            48.848177
          ],
          [
            2.342562,
            48.847929
          ],
          [
            2.34251,
            48.84784
          ],
          [
            2.342525,
            48.847819
          ],
          [
            2.342519,
            48.847813
          ],
          [
            2.342502,
            48.847791
          ],
          [
            2.342476,
            48.84776
          ],
          [
            2.34247,
            48.847753
          ],
          [
            2.342438,
            48.847753
          ],
          [
            2.342103,
            48.847234
          ],
          [
            2.342071,
            48.847177
          ],
          [
            2.342081,
            48.847168
          ],
          [
            2.342071,
            48.847149
          ],
          [
            2.34203,
            48.847081
          ],
          [
            2.341998,
            48.847027
          ],
          [
            2.341981,
            48.847
          ],
          [
            2.341955,
            48.847008
          ],
          [
            2.341913,
            48.846951
          ],
          [
            2.341712,
            48.846699
          ],
          [
            2.341709,
            48.846673
          ],
          [
            2.341704,
            48.846668
          ],
          [
            2.34168,
            48.846637
          ],
          [
            2.341647,
            48.846594
          ],
          [
            2.341639,
            48.846583
          ],
          [
            2.341604,
            48.846558
          ],
          [
            2.341268,
            48.846133
          ],
          [
            2.341259,
            48.846112
          ],
          [
            2.34132,
            48.84599
          ],
          [
            2.341343,
            48.84598
          ],
          [
            2.341348,
            48.845961
          ],
          [
            2.341356,
            48.845934
          ],
          [
            2.341371,
            48.845882
          ],
          [
            2.34138,
            48.845861
          ],
          [
            2.342031,
            48.844577
          ],
          [
            2.342087,
            48.844517
          ],
          [
            2.342117,
            48.84449
          ],
          [
            2.34214,
            48.84447
          ],
          [
            2.342145,
            48.844462
          ],
          [
            2.342173,
            48.844439
          ],
          [
            2.342158,
            48.844353
          ],
          [
            2.342172,
            48.844282
          ],
          [
            2.342241,
            48.844159
          ],
          [
            2.342377,
            48.84386
          ],
          [
            2.34266,
            48.843303
          ],
          [
            2.342978,
            48.842654
          ],
          [
            2.343021,
            48.842614
          ],
          [
            2.343039,
            48.842583
          ],
          [
            2.343048,
            48.842562
          ],
          [
            2.343053,
            48.842547
          ],
          [
            2.343055,
            48.84254
          ],
          [
            2.343056,
            48.842509
          ],
          [
            2.343251,
            48.842165
          ],
          [
            2.343336,
            48.841973
          ],
          [
            2.343449,
            48.841724
          ],
          [
            2.343606,
            48.84143
          ],
          [
            2.34367,
            48.841411
          ],
          [
            2.343707,
            48.841402
          ],
          [
            2.34373,
            48.841397
          ],
          [
            2.343754,
            48.841391
          ],
          [
            2.34379,
            48.841382
          ],
          [
            2.343749,
            48.841305
          ],
          [
            2.343748,
            48.841277
          ],
          [
            2.34374,
            48.841264
          ],
          [
            2.343732,
            48.841254
          ],
          [
            2.343682,
            48.841198
          ],
          [
            2.34365,
            48.841162
          ],
          [
            2.343644,
            48.841155
          ],
          [
            2.343637,
            48.841147
          ],
          [
            2.345026,
            48.840595
          ],
          [
            2.345644,
            48.84035
          ],
          [
            2.345843,
            48.840271
          ],
          [
            2.345906,
            48.840221
          ],
          [
            2.345927,
            48.840213
          ],
          [
            2.345986,
            48.840187
          ],
          [
            2.346044,
            48.840163
          ],
          [
            2.346061,
            48.840155
          ],
          [
            2.346087,
            48.840175
          ],
          [
            2.347003,
            48.839815
          ],
          [
            2.347052,
            48.839779
          ],
          [
            2.347078,
            48.839769
          ],
          [
            2.347118,
            48.839753
          ],
          [
            2.347135,
            48.839745
          ],
          [
            2.347169,
            48.839733
          ],
          [
            2.34723,
            48.839725
          ],
          [
            2.347331,
            48.839684
          ],
          [
            2.349051,
            48.839008
          ],
          [
            2.349072,
            48.839014
          ],
          [
            2.349081,
            48.839019
          ],
          [
            2.349138,
            48.839048
          ],
          [
            2.349216,
            48.839016
          ],
          [
            2.349319,
            48.838978
          ],
          [
            2.349395,
            48.838948
          ],
          [
            2.349801,
            48.838804
          ],
          [
            2.349896,
            48.838765
          ],
          [
            2.349956,
            48.83874
          ],
          [
            2.350157,
            48.838657
          ],
          [
            2.35024,
            48.838619
          ],
          [
            2.350395,
            48.838548
          ],
          [
            2.350648,
            48.838434
          ],
          [
            2.350709,
            48.838369
          ],
          [
            2.351017,
            48.838018
          ],
          [
            2.351057,
            48.837961
          ],
          [
            2.351121,
            48.837859
          ],
          [
            2.351219,
            48.837707
          ],
          [
            2.351262,
            48.837644
          ],
          [
            2.351502,
            48.837292
          ],
          [
            2.351519,
            48.837267
          ],
          [
            2.351744,
            48.836963
          ],
          [
            2.351849,
            48.836787
          ],
          [
            2.351932,
            48.83667
          ],
          [
            2.351958,
            48.836632
          ],
          [
            2.351978,
            48.836604
          ],
          [
            2.352204,
            48.836275
          ],
          [
            2.352222,
            48.83625
          ],
          [
            2.352241,
            48.836223
          ],
          [
            2.352422,
            48.835975
          ],
          [
            2.35245,
            48.835937
          ],
          [
            2.352517,
            48.835843
          ],
          [
            2.352566,
            48.835774
          ],
          [
            2.352781,
            48.835465
          ],
          [
            2.352925,
            48.83526
          ],
          [
            2.35306,
            48.835063
          ],
          [
            2.353082,
            48.835032
          ],
          [
            2.353191,
            48.834874
          ],
          [
            2.353263,
            48.834771
          ],
          [
            2.353341,
            48.834659
          ],
          [
            2.353457,
            48.834497
          ],
          [
            2.353474,
            48.834472
          ],
          [
            2.353563,
            48.834491
          ],
          [
            2.353621,
            48.834514
          ],
          [
            2.353665,
            48.834464
          ],
          [
            2.353656,
            48.834442
          ],
          [
            2.35368,
            48.834411
          ],
          [
            2.353706,
            48.834378
          ],
          [
            2.353734,
            48.834372
          ],
          [
            2.353756,
            48.834307
          ],
          [
            2.35428,
            48.833556
          ],
          [
            2.354298,
            48.833512
          ],
          [
            2.354307,
            48.833501
          ],
          [
            2.354328,
            48.833471
          ],
          [
            2.354345,
            48.833447
          ],
          [
            2.354363,
            48.833421
          ],
          [
            2.354393,
            48.833378
          ]
        ]
      }
    },
    {
      "type": "Feature",
      "properties": {
        "route_id": "16",
        "dataset": "16_arrival",
        "track_name": "Llegada_Cluny_Champo",
        "distance_km": 0.164,
        "role": "independent_variant_or_connector",
        "status": "DONE",
        "route_version": "16-v10-20261005",
        "review_date": "2026-10-05"
      },
      "geometry": {
        "type": "LineString",
        "coordinates": [
          [
            2.343368,
            48.85125
          ],
          [
            2.343351,
            48.851254
          ],
          [
            2.343303,
            48.851238
          ],
          [
            2.343286,
            48.851234
          ],
          [
            2.343247,
            48.851224
          ],
          [
            2.342973,
            48.850617
          ],
          [
            2.342965,
            48.850602
          ],
          [
            2.34295,
            48.850569
          ],
          [
            2.342935,
            48.850537
          ],
          [
            2.342929,
            48.850523
          ],
          [
            2.342832,
            48.850377
          ],
          [
            2.342842,
            48.850323
          ],
          [
            2.342838,
            48.850302
          ],
          [
            2.342807,
            48.850244
          ],
          [
            2.342779,
            48.850193
          ],
          [
            2.342773,
            48.85018
          ],
          [
            2.343035,
            48.85008
          ],
          [
            2.343041,
            48.850078
          ],
          [
            2.343073,
            48.850066
          ],
          [
            2.343119,
            48.850049
          ],
          [
            2.343134,
            48.850043
          ]
        ]
      }
    },
    {
      "type": "Feature",
      "properties": {
        "route_id": "16",
        "dataset": "16_return",
        "track_name": "Salida_Pathe_LesGobelins",
        "distance_km": 0.217,
        "role": "independent_variant_or_connector",
        "status": "DONE",
        "route_version": "16-v10-20261005",
        "review_date": "2026-10-05"
      },
      "geometry": {
        "type": "LineString",
        "coordinates": [
          [
            2.354393,
            48.833378
          ],
          [
            2.354363,
            48.833421
          ],
          [
            2.354345,
            48.833447
          ],
          [
            2.354328,
            48.833471
          ],
          [
            2.354307,
            48.833501
          ],
          [
            2.354298,
            48.833512
          ],
          [
            2.35428,
            48.833556
          ],
          [
            2.353756,
            48.834307
          ],
          [
            2.353734,
            48.834372
          ],
          [
            2.353706,
            48.834378
          ],
          [
            2.35368,
            48.834411
          ],
          [
            2.353656,
            48.834442
          ],
          [
            2.353665,
            48.834464
          ],
          [
            2.353621,
            48.834514
          ],
          [
            2.353366,
            48.834878
          ],
          [
            2.353341,
            48.834889
          ],
          [
            2.353304,
            48.834943
          ],
          [
            2.35325,
            48.835025
          ],
          [
            2.353308,
            48.835082
          ],
          [
            2.353287,
            48.835093
          ],
          [
            2.353228,
            48.835075
          ]
        ]
      }
    },
    {
      "type": "Feature",
      "properties": {
        "route_id": "16",
        "dataset": "16_coda",
        "track_name": "Coda_Belphegor_Eleonore",
        "distance_km": 0.505,
        "role": "independent_variant_or_connector",
        "status": "DONE",
        "route_version": "16-v10-20261005",
        "review_date": "2026-10-05"
      },
      "geometry": {
        "type": "LineString",
        "coordinates": [
          [
            2.338634,
            48.860475
          ],
          [
            2.338749,
            48.860323
          ],
          [
            2.339317,
            48.860193
          ],
          [
            2.339628,
            48.860124
          ],
          [
            2.340205,
            48.859994
          ],
          [
            2.340225,
            48.859952
          ],
          [
            2.340336,
            48.859927
          ],
          [
            2.340443,
            48.859903
          ],
          [
            2.340466,
            48.859896
          ],
          [
            2.340494,
            48.859887
          ],
          [
            2.340507,
            48.859884
          ],
          [
            2.340345,
            48.859594
          ],
          [
            2.340304,
            48.859516
          ],
          [
            2.340294,
            48.859497
          ],
          [
            2.34028,
            48.859468
          ],
          [
            2.340268,
            48.859444
          ],
          [
            2.340263,
            48.859436
          ],
          [
            2.340285,
            48.859431
          ],
          [
            2.340807,
            48.859314
          ],
          [
            2.340975,
            48.859283
          ],
          [
            2.340979,
            48.859282
          ],
          [
            2.340994,
            48.859306
          ],
          [
            2.341717,
            48.859139
          ],
          [
            2.34181,
            48.859145
          ],
          [
            2.341646,
            48.858763
          ],
          [
            2.341695,
            48.85876
          ],
          [
            2.341919,
            48.858772
          ],
          [
            2.342173,
            48.858718
          ],
          [
            2.342417,
            48.858673
          ],
          [
            2.342442,
            48.858646
          ],
          [
            2.342494,
            48.858629
          ],
          [
            2.342841,
            48.85908
          ],
          [
            2.342965,
            48.85903
          ]
        ]
      }
    },
    {
      "type": "Feature",
      "properties": {
        "route_id": "16",
        "dataset": "16_coda_arrival",
        "track_name": "Llegada_coda_LouvreRivoli",
        "distance_km": 0.259,
        "role": "independent_variant_or_connector",
        "status": "DONE",
        "route_version": "16-v10-20261005",
        "review_date": "2026-10-05"
      },
      "geometry": {
        "type": "LineString",
        "coordinates": [
          [
            2.3409,
            48.860781
          ],
          [
            2.340777,
            48.860818
          ],
          [
            2.340677,
            48.860848
          ],
          [
            2.340601,
            48.860858
          ],
          [
            2.340584,
            48.860885
          ],
          [
            2.340565,
            48.8609
          ],
          [
            2.340548,
            48.860913
          ],
          [
            2.340509,
            48.86093
          ],
          [
            2.339199,
            48.861347
          ],
          [
            2.339151,
            48.861362
          ],
          [
            2.339077,
            48.861386
          ],
          [
            2.338919,
            48.86108
          ],
          [
            2.338816,
            48.860877
          ],
          [
            2.33881,
            48.860867
          ],
          [
            2.338608,
            48.86051
          ],
          [
            2.338634,
            48.860475
          ]
        ]
      }
    },
    {
      "type": "Feature",
      "properties": {
        "route_id": "16",
        "dataset": "16_coda_return",
        "track_name": "Salida_coda_PontNeuf",
        "distance_km": 0.148,
        "role": "independent_variant_or_connector",
        "status": "DONE",
        "route_version": "16-v10-20261005",
        "review_date": "2026-10-05"
      },
      "geometry": {
        "type": "LineString",
        "coordinates": [
          [
            2.342965,
            48.85903
          ],
          [
            2.343088,
            48.858981
          ],
          [
            2.343133,
            48.858965
          ],
          [
            2.343192,
            48.858949
          ],
          [
            2.342808,
            48.858526
          ],
          [
            2.342668,
            48.858539
          ],
          [
            2.342639,
            48.858547
          ],
          [
            2.342494,
            48.858629
          ],
          [
            2.342442,
            48.858646
          ],
          [
            2.342417,
            48.858673
          ],
          [
            2.342173,
            48.858718
          ],
          [
            2.342269,
            48.858614
          ],
          [
            2.342377,
            48.858649
          ]
        ]
      }
    },
    {
      "type": "Feature",
      "properties": {
        "route_id": "16",
        "dataset": "16_coda_closed_court",
        "track_name": "V5_coda_sin_patio",
        "distance_km": 0.397,
        "role": "independent_variant_or_connector",
        "status": "DONE",
        "route_version": "16-v10-20261005",
        "review_date": "2026-10-05"
      },
      "geometry": {
        "type": "LineString",
        "coordinates": [
          [
            2.340309,
            48.860193
          ],
          [
            2.340215,
            48.860016
          ],
          [
            2.340205,
            48.859994
          ],
          [
            2.340225,
            48.859952
          ],
          [
            2.340336,
            48.859927
          ],
          [
            2.340443,
            48.859903
          ],
          [
            2.340466,
            48.859896
          ],
          [
            2.340494,
            48.859887
          ],
          [
            2.340507,
            48.859884
          ],
          [
            2.340345,
            48.859594
          ],
          [
            2.340304,
            48.859516
          ],
          [
            2.340294,
            48.859497
          ],
          [
            2.34028,
            48.859468
          ],
          [
            2.340268,
            48.859444
          ],
          [
            2.340263,
            48.859436
          ],
          [
            2.340285,
            48.859431
          ],
          [
            2.340807,
            48.859314
          ],
          [
            2.340975,
            48.859283
          ],
          [
            2.340979,
            48.859282
          ],
          [
            2.340994,
            48.859306
          ],
          [
            2.341717,
            48.859139
          ],
          [
            2.34181,
            48.859145
          ],
          [
            2.341646,
            48.858763
          ],
          [
            2.341695,
            48.85876
          ],
          [
            2.341919,
            48.858772
          ],
          [
            2.342173,
            48.858718
          ],
          [
            2.342417,
            48.858673
          ],
          [
            2.342442,
            48.858646
          ],
          [
            2.342494,
            48.858629
          ],
          [
            2.342841,
            48.85908
          ],
          [
            2.342965,
            48.85903
          ]
        ]
      }
    },
    {
      "type": "Feature",
      "properties": {
        "route_id": "16",
        "dataset": "16_coda_closed_arrival",
        "track_name": "Llegada_V5_colonnade",
        "distance_km": 0.102,
        "role": "independent_variant_or_connector",
        "status": "DONE",
        "route_version": "16-v10-20261005",
        "review_date": "2026-10-05"
      },
      "geometry": {
        "type": "LineString",
        "coordinates": [
          [
            2.3409,
            48.860781
          ],
          [
            2.340777,
            48.860818
          ],
          [
            2.340677,
            48.860848
          ],
          [
            2.340601,
            48.860858
          ],
          [
            2.340606,
            48.860852
          ],
          [
            2.340612,
            48.86084
          ],
          [
            2.340618,
            48.860809
          ],
          [
            2.340619,
            48.860791
          ],
          [
            2.340615,
            48.860768
          ],
          [
            2.340309,
            48.860193
          ]
        ]
      }
    },
    {
      "type": "Feature",
      "properties": {
        "route_id": "16",
        "dataset": "16_wc_calvin",
        "track_name": "WC_JeanCalvin_ida_vuelta",
        "distance_km": 1.245,
        "role": "independent_variant_or_connector",
        "status": "DONE",
        "route_version": "16-v10-20261005",
        "review_date": "2026-10-05"
      },
      "geometry": {
        "type": "LineString",
        "coordinates": [
          [
            2.352123,
            48.843172
          ],
          [
            2.352086,
            48.843165
          ],
          [
            2.352053,
            48.843176
          ],
          [
            2.352036,
            48.843177
          ],
          [
            2.352036,
            48.84319
          ],
          [
            2.352093,
            48.843197
          ],
          [
            2.352101,
            48.843237
          ],
          [
            2.352106,
            48.843273
          ],
          [
            2.352094,
            48.843282
          ],
          [
            2.352129,
            48.843324
          ],
          [
            2.352166,
            48.843599
          ],
          [
            2.352153,
            48.843621
          ],
          [
            2.352162,
            48.84367
          ],
          [
            2.352183,
            48.843704
          ],
          [
            2.352188,
            48.843736
          ],
          [
            2.35216,
            48.843784
          ],
          [
            2.351647,
            48.843897
          ],
          [
            2.351612,
            48.843887
          ],
          [
            2.351605,
            48.8439
          ],
          [
            2.351562,
            48.843909
          ],
          [
            2.351538,
            48.843913
          ],
          [
            2.351521,
            48.843917
          ],
          [
            2.35151,
            48.843913
          ],
          [
            2.351501,
            48.84392
          ],
          [
            2.351487,
            48.843931
          ],
          [
            2.351399,
            48.843952
          ],
          [
            2.351342,
            48.843943
          ],
          [
            2.350438,
            48.844141
          ],
          [
            2.35041,
            48.844177
          ],
          [
            2.350185,
            48.844228
          ],
          [
            2.349791,
            48.844314
          ],
          [
            2.349737,
            48.844337
          ],
          [
            2.349659,
            48.844339
          ],
          [
            2.349334,
            48.844321
          ],
          [
            2.349321,
            48.84431
          ],
          [
            2.349306,
            48.844308
          ],
          [
            2.349288,
            48.844305
          ],
          [
            2.349267,
            48.844302
          ],
          [
            2.349257,
            48.844301
          ],
          [
            2.349217,
            48.844484
          ],
          [
            2.349205,
            48.844489
          ],
          [
            2.349185,
            48.844488
          ],
          [
            2.34878,
            48.844473
          ],
          [
            2.348552,
            48.844452
          ],
          [
            2.348172,
            48.844404
          ],
          [
            2.348108,
            48.844387
          ],
          [
            2.348129,
            48.844108
          ],
          [
            2.348133,
            48.843918
          ],
          [
            2.348146,
            48.843651
          ],
          [
            2.348138,
            48.843653
          ],
          [
            2.348121,
            48.843652
          ],
          [
            2.348126,
            48.843597
          ],
          [
            2.34813,
            48.84355
          ],
          [
            2.348192,
            48.842881
          ],
          [
            2.348196,
            48.84285
          ],
          [
            2.348203,
            48.842794
          ],
          [
            2.34823,
            48.841994
          ],
          [
            2.34824,
            48.841773
          ],
          [
            2.348235,
            48.841678
          ],
          [
            2.348405,
            48.841627
          ],
          [
            2.348385,
            48.841659
          ],
          [
            2.348362,
            48.841705
          ],
          [
            2.348687,
            48.841621
          ],
          [
            2.348362,
            48.841705
          ],
          [
            2.348281,
            48.841726
          ],
          [
            2.348275,
            48.841773
          ],
          [
            2.348261,
            48.841773
          ],
          [
            2.34824,
            48.841773
          ],
          [
            2.348235,
            48.841678
          ],
          [
            2.34824,
            48.841773
          ],
          [
            2.34823,
            48.841994
          ],
          [
            2.348203,
            48.842794
          ],
          [
            2.348196,
            48.84285
          ],
          [
            2.348231,
            48.842857
          ],
          [
            2.349548,
            48.843133
          ],
          [
            2.349559,
            48.843115
          ],
          [
            2.349569,
            48.843116
          ],
          [
            2.349623,
            48.843119
          ],
          [
            2.349668,
            48.843121
          ],
          [
            2.349686,
            48.843122
          ],
          [
            2.349684,
            48.843143
          ],
          [
            2.349689,
            48.843156
          ],
          [
            2.351331,
            48.84319
          ],
          [
            2.351338,
            48.843189
          ],
          [
            2.351348,
            48.843146
          ],
          [
            2.351363,
            48.843146
          ],
          [
            2.351411,
            48.843143
          ],
          [
            2.351478,
            48.843137
          ],
          [
            2.35152,
            48.843147
          ],
          [
            2.351982,
            48.843183
          ],
          [
            2.352036,
            48.84319
          ],
          [
            2.352036,
            48.843177
          ],
          [
            2.352053,
            48.843176
          ],
          [
            2.352086,
            48.843165
          ],
          [
            2.352123,
            48.843172
          ]
        ]
      }
    },
    {
      "type": "Feature",
      "properties": {
        "route_id": "16",
        "dataset": "16_wc_berger",
        "track_name": "WC_Berger_ida_vuelta",
        "distance_km": 0.756,
        "role": "independent_variant_or_connector",
        "status": "DONE",
        "route_version": "16-v10-20261005",
        "review_date": "2026-10-05"
      },
      "geometry": {
        "type": "LineString",
        "coordinates": [
          [
            2.340959,
            48.860774
          ],
          [
            2.340988,
            48.860795
          ],
          [
            2.340997,
            48.860808
          ],
          [
            2.341027,
            48.860849
          ],
          [
            2.341048,
            48.860878
          ],
          [
            2.341058,
            48.860892
          ],
          [
            2.341069,
            48.860907
          ],
          [
            2.341044,
            48.860916
          ],
          [
            2.340996,
            48.861004
          ],
          [
            2.341024,
            48.861073
          ],
          [
            2.341048,
            48.861085
          ],
          [
            2.341065,
            48.861094
          ],
          [
            2.341071,
            48.86111
          ],
          [
            2.341075,
            48.861124
          ],
          [
            2.341079,
            48.861138
          ],
          [
            2.341054,
            48.86116
          ],
          [
            2.341264,
            48.86162
          ],
          [
            2.341336,
            48.861632
          ],
          [
            2.341343,
            48.86165
          ],
          [
            2.341349,
            48.861669
          ],
          [
            2.341356,
            48.861686
          ],
          [
            2.34136,
            48.861711
          ],
          [
            2.341365,
            48.861736
          ],
          [
            2.34164,
            48.862274
          ],
          [
            2.341648,
            48.862292
          ],
          [
            2.341687,
            48.862321
          ],
          [
            2.342467,
            48.86214
          ],
          [
            2.342491,
            48.862187
          ],
          [
            2.342501,
            48.862204
          ],
          [
            2.342512,
            48.862223
          ],
          [
            2.342547,
            48.862238
          ],
          [
            2.343425,
            48.862037
          ],
          [
            2.343501,
            48.862016
          ],
          [
            2.343512,
            48.862041
          ],
          [
            2.343554,
            48.862031
          ],
          [
            2.343561,
            48.862045
          ],
          [
            2.343519,
            48.862055
          ],
          [
            2.343564,
            48.862164
          ],
          [
            2.343751,
            48.862122
          ],
          [
            2.343564,
            48.862164
          ],
          [
            2.343519,
            48.862055
          ],
          [
            2.343561,
            48.862045
          ],
          [
            2.343554,
            48.862031
          ],
          [
            2.343512,
            48.862041
          ],
          [
            2.343501,
            48.862016
          ],
          [
            2.343425,
            48.862037
          ],
          [
            2.343393,
            48.862019
          ],
          [
            2.343385,
            48.862001
          ],
          [
            2.343372,
            48.86197
          ],
          [
            2.343357,
            48.861936
          ],
          [
            2.34316,
            48.861982
          ],
          [
            2.342857,
            48.862051
          ],
          [
            2.342608,
            48.862109
          ],
          [
            2.342584,
            48.862114
          ],
          [
            2.34256,
            48.862119
          ],
          [
            2.342467,
            48.86214
          ],
          [
            2.341687,
            48.862321
          ],
          [
            2.341648,
            48.862292
          ],
          [
            2.34164,
            48.862274
          ],
          [
            2.341365,
            48.861736
          ],
          [
            2.34136,
            48.861711
          ],
          [
            2.341356,
            48.861686
          ],
          [
            2.341349,
            48.861669
          ],
          [
            2.341343,
            48.86165
          ],
          [
            2.341336,
            48.861632
          ],
          [
            2.341264,
            48.86162
          ],
          [
            2.341054,
            48.86116
          ],
          [
            2.341079,
            48.861138
          ],
          [
            2.341075,
            48.861124
          ],
          [
            2.341071,
            48.86111
          ],
          [
            2.341065,
            48.861094
          ],
          [
            2.341048,
            48.861085
          ],
          [
            2.341024,
            48.861073
          ],
          [
            2.340996,
            48.861004
          ],
          [
            2.341044,
            48.860916
          ],
          [
            2.341069,
            48.860907
          ],
          [
            2.341058,
            48.860892
          ],
          [
            2.341048,
            48.860878
          ],
          [
            2.341027,
            48.860849
          ],
          [
            2.340997,
            48.860808
          ],
          [
            2.340988,
            48.860795
          ],
          [
            2.340959,
            48.860774
          ]
        ]
      }
    },
    {
      "type": "Feature",
      "properties": {
        "route_id": "16",
        "dataset": "16_refuge_buffon",
        "track_name": "Refugio_Buffon_ida_vuelta",
        "distance_km": 1.936,
        "role": "independent_variant_or_connector",
        "status": "DONE",
        "route_version": "16-v10-20261005",
        "review_date": "2026-10-05"
      },
      "geometry": {
        "type": "LineString",
        "coordinates": [
          [
            2.352123,
            48.843172
          ],
          [
            2.352217,
            48.843176
          ],
          [
            2.352295,
            48.843179
          ],
          [
            2.352314,
            48.84318
          ],
          [
            2.352302,
            48.843066
          ],
          [
            2.352329,
            48.843043
          ],
          [
            2.352631,
            48.84303
          ],
          [
            2.352652,
            48.843044
          ],
          [
            2.352664,
            48.843038
          ],
          [
            2.352708,
            48.843036
          ],
          [
            2.352761,
            48.843033
          ],
          [
            2.352772,
            48.843038
          ],
          [
            2.352813,
            48.843014
          ],
          [
            2.352813,
            48.843006
          ],
          [
            2.352813,
            48.842979
          ],
          [
            2.352813,
            48.842936
          ],
          [
            2.352819,
            48.842927
          ],
          [
            2.353328,
            48.842908
          ],
          [
            2.353383,
            48.84287
          ],
          [
            2.353441,
            48.842629
          ],
          [
            2.353496,
            48.842409
          ],
          [
            2.353511,
            48.842411
          ],
          [
            2.353574,
            48.842419
          ],
          [
            2.35361,
            48.842423
          ],
          [
            2.353622,
            48.842425
          ],
          [
            2.35366,
            48.842411
          ],
          [
            2.353665,
            48.8424
          ],
          [
            2.353685,
            48.842376
          ],
          [
            2.353712,
            48.842342
          ],
          [
            2.35372,
            48.842336
          ],
          [
            2.353728,
            48.842341
          ],
          [
            2.354392,
            48.842358
          ],
          [
            2.354422,
            48.842337
          ],
          [
            2.354421,
            48.842313
          ],
          [
            2.35441,
            48.842295
          ],
          [
            2.354415,
            48.842289
          ],
          [
            2.354423,
            48.842258
          ],
          [
            2.354426,
            48.842217
          ],
          [
            2.354418,
            48.842202
          ],
          [
            2.35445,
            48.842181
          ],
          [
            2.354507,
            48.841952
          ],
          [
            2.354623,
            48.841468
          ],
          [
            2.354637,
            48.841471
          ],
          [
            2.354701,
            48.841477
          ],
          [
            2.354754,
            48.841483
          ],
          [
            2.354779,
            48.841486
          ],
          [
            2.354807,
            48.841468
          ],
          [
            2.355705,
            48.841621
          ],
          [
            2.355717,
            48.841627
          ],
          [
            2.355741,
            48.841638
          ],
          [
            2.355767,
            48.841641
          ],
          [
            2.355809,
            48.841648
          ],
          [
            2.355824,
            48.841587
          ],
          [
            2.355843,
            48.84153
          ],
          [
            2.355907,
            48.841345
          ],
          [
            2.355914,
            48.841323
          ],
          [
            2.355964,
            48.841177
          ],
          [
            2.356113,
            48.841216
          ],
          [
            2.356146,
            48.841223
          ],
          [
            2.356184,
            48.841233
          ],
          [
            2.357587,
            48.841595
          ],
          [
            2.358053,
            48.841715
          ],
          [
            2.359095,
            48.841988
          ],
          [
            2.35908,
            48.842015
          ],
          [
            2.359081,
            48.842024
          ],
          [
            2.359516,
            48.842137
          ],
          [
            2.361368,
            48.842612
          ],
          [
            2.361368,
            48.842604
          ],
          [
            2.361379,
            48.842585
          ],
          [
            2.361392,
            48.842564
          ],
          [
            2.3614,
            48.842549
          ],
          [
            2.361512,
            48.842519
          ],
          [
            2.361863,
            48.842608
          ],
          [
            2.361512,
            48.842519
          ],
          [
            2.3614,
            48.842549
          ],
          [
            2.360505,
            48.842311
          ],
          [
            2.359563,
            48.842069
          ],
          [
            2.359359,
            48.842016
          ],
          [
            2.359114,
            48.841953
          ],
          [
            2.35911,
            48.84196
          ],
          [
            2.359095,
            48.841988
          ],
          [
            2.35908,
            48.842015
          ],
          [
            2.359081,
            48.842024
          ],
          [
            2.357766,
            48.841685
          ],
          [
            2.357167,
            48.841528
          ],
          [
            2.356447,
            48.841333
          ],
          [
            2.356091,
            48.841271
          ],
          [
            2.356095,
            48.841261
          ],
          [
            2.356113,
            48.841216
          ],
          [
            2.355964,
            48.841177
          ],
          [
            2.355914,
            48.841323
          ],
          [
            2.355907,
            48.841345
          ],
          [
            2.355843,
            48.84153
          ],
          [
            2.355824,
            48.841587
          ],
          [
            2.355809,
            48.841648
          ],
          [
            2.355767,
            48.841641
          ],
          [
            2.355741,
            48.841638
          ],
          [
            2.355717,
            48.841627
          ],
          [
            2.355705,
            48.841621
          ],
          [
            2.354807,
            48.841468
          ],
          [
            2.354779,
            48.841486
          ],
          [
            2.354754,
            48.841483
          ],
          [
            2.354701,
            48.841477
          ],
          [
            2.354637,
            48.841471
          ],
          [
            2.354623,
            48.841468
          ],
          [
            2.354507,
            48.841952
          ],
          [
            2.35445,
            48.842181
          ],
          [
            2.354418,
            48.842202
          ],
          [
            2.354426,
            48.842217
          ],
          [
            2.354423,
            48.842258
          ],
          [
            2.354415,
            48.842289
          ],
          [
            2.35441,
            48.842295
          ],
          [
            2.354421,
            48.842313
          ],
          [
            2.354422,
            48.842337
          ],
          [
            2.354392,
            48.842358
          ],
          [
            2.353728,
            48.842341
          ],
          [
            2.35372,
            48.842336
          ],
          [
            2.353712,
            48.842342
          ],
          [
            2.353685,
            48.842376
          ],
          [
            2.353665,
            48.8424
          ],
          [
            2.35366,
            48.842411
          ],
          [
            2.353622,
            48.842425
          ],
          [
            2.35361,
            48.842423
          ],
          [
            2.353574,
            48.842419
          ],
          [
            2.353511,
            48.842411
          ],
          [
            2.353496,
            48.842409
          ],
          [
            2.353441,
            48.842629
          ],
          [
            2.353383,
            48.84287
          ],
          [
            2.353328,
            48.842908
          ],
          [
            2.352819,
            48.842927
          ],
          [
            2.352813,
            48.842936
          ],
          [
            2.352813,
            48.842979
          ],
          [
            2.352813,
            48.843006
          ],
          [
            2.352813,
            48.843014
          ],
          [
            2.352772,
            48.843038
          ],
          [
            2.352761,
            48.843033
          ],
          [
            2.352708,
            48.843036
          ],
          [
            2.352664,
            48.843038
          ],
          [
            2.352652,
            48.843044
          ],
          [
            2.352631,
            48.84303
          ],
          [
            2.352329,
            48.843043
          ],
          [
            2.352302,
            48.843066
          ],
          [
            2.352314,
            48.84318
          ],
          [
            2.352295,
            48.843179
          ],
          [
            2.352217,
            48.843176
          ],
          [
            2.352123,
            48.843172
          ]
        ]
      }
    },
    {
      "type": "Feature",
      "properties": {
        "route_id": "16",
        "dataset": "16_direct_pathe",
        "track_name": "V6_Pathe_directo",
        "distance_km": 0.217,
        "role": "independent_variant_or_connector",
        "status": "DONE",
        "route_version": "16-v10-20261005",
        "review_date": "2026-10-05"
      },
      "geometry": {
        "type": "LineString",
        "coordinates": [
          [
            2.353228,
            48.835075
          ],
          [
            2.353287,
            48.835093
          ],
          [
            2.353308,
            48.835082
          ],
          [
            2.35325,
            48.835025
          ],
          [
            2.353304,
            48.834943
          ],
          [
            2.353341,
            48.834889
          ],
          [
            2.353366,
            48.834878
          ],
          [
            2.353621,
            48.834514
          ],
          [
            2.353665,
            48.834464
          ],
          [
            2.353656,
            48.834442
          ],
          [
            2.35368,
            48.834411
          ],
          [
            2.353706,
            48.834378
          ],
          [
            2.353734,
            48.834372
          ],
          [
            2.353756,
            48.834307
          ],
          [
            2.35428,
            48.833556
          ],
          [
            2.354298,
            48.833512
          ],
          [
            2.354307,
            48.833501
          ],
          [
            2.354328,
            48.833471
          ],
          [
            2.354345,
            48.833447
          ],
          [
            2.354363,
            48.833421
          ],
          [
            2.354393,
            48.833378
          ]
        ]
      }
    },
    {
      "type": "Feature",
      "properties": {
        "route_id": "16",
        "dataset": "16_partial_champo",
        "track_name": "V4_carteleras_salida",
        "distance_km": 0.293,
        "role": "independent_variant_or_connector",
        "status": "DONE",
        "route_version": "16-v10-20261005",
        "review_date": "2026-10-05"
      },
      "geometry": {
        "type": "LineString",
        "coordinates": [
          [
            2.343134,
            48.850043
          ],
          [
            2.343103,
            48.850028
          ],
          [
            2.343018,
            48.849882
          ],
          [
            2.342895,
            48.84973
          ],
          [
            2.342774,
            48.849515
          ],
          [
            2.342895,
            48.84973
          ],
          [
            2.343018,
            48.849882
          ],
          [
            2.343103,
            48.850028
          ],
          [
            2.343134,
            48.850043
          ],
          [
            2.343119,
            48.850049
          ],
          [
            2.343073,
            48.850066
          ],
          [
            2.343041,
            48.850078
          ],
          [
            2.343035,
            48.85008
          ],
          [
            2.342773,
            48.85018
          ],
          [
            2.342779,
            48.850193
          ],
          [
            2.342807,
            48.850244
          ],
          [
            2.342838,
            48.850302
          ],
          [
            2.342842,
            48.850323
          ],
          [
            2.342832,
            48.850377
          ],
          [
            2.342929,
            48.850523
          ],
          [
            2.342935,
            48.850537
          ],
          [
            2.34295,
            48.850569
          ],
          [
            2.342965,
            48.850602
          ],
          [
            2.342973,
            48.850617
          ],
          [
            2.343247,
            48.851224
          ],
          [
            2.343286,
            48.851234
          ],
          [
            2.343303,
            48.851238
          ],
          [
            2.343351,
            48.851254
          ],
          [
            2.343368,
            48.85125
          ]
        ]
      }
    },
    {
      "type": "Feature",
      "properties": {
        "route_id": "16",
        "dataset": "16_escape_cardinal",
        "track_name": "Escape_CardinalLemoine",
        "distance_km": 0.397,
        "role": "independent_variant_or_connector",
        "status": "DONE",
        "route_version": "16-v10-20261005",
        "review_date": "2026-10-05"
      },
      "geometry": {
        "type": "LineString",
        "coordinates": [
          [
            2.347863,
            48.846798
          ],
          [
            2.347889,
            48.84677
          ],
          [
            2.347926,
            48.846745
          ],
          [
            2.347991,
            48.846726
          ],
          [
            2.348908,
            48.846618
          ],
          [
            2.348902,
            48.846602
          ],
          [
            2.348901,
            48.846598
          ],
          [
            2.348948,
            48.846459
          ],
          [
            2.348986,
            48.846399
          ],
          [
            2.349001,
            48.846295
          ],
          [
            2.349007,
            48.846252
          ],
          [
            2.349027,
            48.846244
          ],
          [
            2.349101,
            48.846229
          ],
          [
            2.349149,
            48.84622
          ],
          [
            2.349205,
            48.846209
          ],
          [
            2.349233,
            48.846214
          ],
          [
            2.349238,
            48.846184
          ],
          [
            2.350493,
            48.845978
          ],
          [
            2.350594,
            48.846006
          ],
          [
            2.351006,
            48.846256
          ],
          [
            2.35111,
            48.846331
          ],
          [
            2.351128,
            48.846345
          ],
          [
            2.351193,
            48.846392
          ],
          [
            2.351459,
            48.846584
          ],
          [
            2.351445,
            48.846596
          ],
          [
            2.35146,
            48.846659
          ],
          [
            2.351489,
            48.846674
          ],
          [
            2.351554,
            48.846713
          ],
          [
            2.351615,
            48.846746
          ],
          [
            2.351628,
            48.846761
          ],
          [
            2.351652,
            48.84675
          ],
          [
            2.351685,
            48.846749
          ],
          [
            2.351688,
            48.846732
          ],
          [
            2.351758,
            48.84669
          ],
          [
            2.351811,
            48.846653
          ],
          [
            2.35184,
            48.846636
          ],
          [
            2.351854,
            48.846622
          ],
          [
            2.351877,
            48.846558
          ],
          [
            2.351874,
            48.846538
          ]
        ]
      }
    },
    {
      "type": "Feature",
      "properties": {
        "route_id": "16",
        "dataset": "16_escape_monge",
        "track_name": "Escape_PlaceMonge",
        "distance_km": 0.022,
        "role": "independent_variant_or_connector",
        "status": "DONE",
        "route_version": "16-v10-20261005",
        "review_date": "2026-10-05"
      },
      "geometry": {
        "type": "LineString",
        "coordinates": [
          [
            2.352123,
            48.843172
          ],
          [
            2.352217,
            48.843176
          ],
          [
            2.352194,
            48.843034
          ]
        ]
      }
    },
    {
      "type": "Feature",
      "properties": {
        "route_id": "16",
        "dataset": "16_escape_censier",
        "track_name": "Escape_CensierDaubenton",
        "distance_km": 0.303,
        "role": "independent_variant_or_connector",
        "status": "DONE",
        "route_version": "16-v10-20261005",
        "review_date": "2026-10-05"
      },
      "geometry": {
        "type": "LineString",
        "coordinates": [
          [
            2.352123,
            48.843172
          ],
          [
            2.352217,
            48.843176
          ],
          [
            2.352189,
            48.843004
          ],
          [
            2.35217,
            48.842875
          ],
          [
            2.352153,
            48.842781
          ],
          [
            2.352137,
            48.84269
          ],
          [
            2.35212,
            48.84261
          ],
          [
            2.352053,
            48.84217
          ],
          [
            2.352041,
            48.842092
          ],
          [
            2.351993,
            48.841763
          ],
          [
            2.351986,
            48.841717
          ],
          [
            2.351979,
            48.84166
          ],
          [
            2.351967,
            48.841577
          ],
          [
            2.35196,
            48.841527
          ],
          [
            2.351882,
            48.841014
          ],
          [
            2.351875,
            48.840969
          ],
          [
            2.351828,
            48.840974
          ],
          [
            2.351786,
            48.840978
          ],
          [
            2.351723,
            48.840908
          ],
          [
            2.351727,
            48.840887
          ],
          [
            2.351707,
            48.840857
          ],
          [
            2.351694,
            48.840841
          ],
          [
            2.35166,
            48.840827
          ],
          [
            2.351689,
            48.840793
          ],
          [
            2.351678,
            48.840719
          ],
          [
            2.351611,
            48.840663
          ],
          [
            2.351585,
            48.840641
          ],
          [
            2.351578,
            48.84063
          ]
        ]
      }
    }
  ]
}
